0,0,..... ........ - 领燃 .... 澳 .... ・ 蒸 淘 ....... ...... .. ... ..... -... .....- 燃 ......￥ . .... 漆 .. r 
1,4,一 七： 燃 . ： -- .- ..： !oc 张 22 .： 七 .. 滚 .. 个 七 七 下 亡 形 .... .上 ： 2泌 菱 送货 汁； 第 展 十； .. 滋 滚 江 
2,9,瓣 万 .. .... . 万 万 .. 滚 ... 、. ...... 装 万 滚 万 ...... 滚 . ... 第 燃2 燃 .. ....... 滚 .... ...... .. 、 装 滋影 ..... 万 .... 厅 万 ..... ..... 万 万 902 
3,0,楼 ... a ....... ..... ........ .... 公292 .... ....... ...... ir ....... ...1 ........ . 送 .. .. . ... s ... ...... ... ...... .... . ....... .... ....... .......... ...... .. ..... ..... ...... .. .... ...... ... .... .... .. ......s ... .... .... ....... 滚 ... .. - .... ..... . 滋 -- -- ... ..... ... . ERA *. ....... ： 
4,3,上 燃 ...... ...... 上 一 梁 . ... ......... ......... ..... .... w r .. 燃 .. ...... ....... 上 L '.... ： 二 ....... ~ 装 - .... ...... 滚 验 ....... ..... ...... 慈 卜 .. ... ....... .. 装 ......... .. 
5,2,下 .. .. 繁 .. ..... 聚 .. ..... ..、 人 ： .se ......... .. .... 搬 .. 燃 ..... ..... ... .... . 下 ..... ： ：y . ： 滚 燃细 ry ............. .... ........ .. . ..... 
6,6,. .. ： .... 小 ： 不  w .. -- .. 2R2 .... .. ~.. ... 燃 个 不不 不 然超涵 示 不 不 
7,6,上 3闩 与 20 25燃 ... E .... ... 上 二 云 聚密 .. 与 第 酸 .. 中 上 ...... ........ wa ....- ： --.. 磁 与 .... 装 与 与 与 ....... ..... 滋 套 .... - 二 激 ---- -. 涨 ： 
8,0,上 目 Ei 滚 5 5 E 汇.E 实彩 .- E 浆 滚 的燃 上 三 2 11 E E ：ARA 
9,4,罗 热 世 上 .5.. 世 ... ： 燃 也 . m 滚 .... i eos 世 ....... 世 十 图 滚 ........ .... .... 正 .. .. 
10,9,260 滚 业 业 业 业 美实 滋 L 业 ui 实 ： 隆 买 溪 两 业 美 20hacooo 业 业 业 装 
11,14,车 东 东 om .... 涨 东 装 东 .. A性 东东 京 东 东 东 东 镂 .. 滚 滋 泌泌 东 东 燃 ........ .... - 东 东 燃 
12,7,....... ... ..... 丝 燃 燃强 ... ........ .. ......... -... ・ 美 激 器 r ..... ... ... .... 丝 丝 丝 ..... ..... . .. .... 乡 丝 .. 猴 燃 ・ 幺 丝 ...... .. ...... . 滚 丝： ......... 名 
13,3,网 一 安 西 两 028 慈 ：・ 网 套 -1 两内 内 两 装 配 天 
14,5,个 个 点 滚 卜 装 r 超 个 ： WR 燃 李 滚 个 露 滚 滋 ： .. 个 r 
15,8,中 滚 . 中 中 罗 燃 婴 滚 门 十 中 漆 泌 器 美 CC 中 装 学 中中 .t 骤 二 二 主 土中 滚 
16,11,保 为 为 为 为 物线 为 一 为 可 wse.w .... 一 .. ..... 滋 为 实 .... 女 为为 泌 平 为 为 中 
17,4,滋 主 .. .. 一1 ... 装代 燃 ......... 学 .... ..... 寸 ......... .---- ...... 装计 荣e .. ，. .......... . .. 主 .. 主 、 .... 52 . ..... 镂 业器送婴 燃 . ... ...... \. .. ... .. .... ... 主 
18,4,装滋 么 么 .. .... 么. 么 美 502燃 
19,6,义 02泌 义 义 装影签 泌 义 义 ： 长 滋002 义 
20,5,.....- 之 泌 r ...... 动 9ao .. ... ..... ... . y zinta 聚 .. ..... ..... 之之 滋 0燃超 呦 .... .. 之 . ....... LY ..... .. 之 淡 
21,6,漆 儿 九 更端 六 九. 学 九九 六 九 ： 保 装 em 大 九 装 层 磁滋 
22,5,... 也 滚 也 也 k滋 .. .... 门 11 环St 涨 让 也 门 心 世 .. ..... 也 \...： KX泌装 
23,8,下.. 20 滚 83 书 书 书 .. 装 丰 书 二 . 、8 球 十 书 ： - 滋 波装： 书 书 ! 书 289X*4 姜 
24,13,s 买 买买 实 ... ies 买 买 买 实 大 燃 买 买 大 要 滚 买 燃 装 露 凝 买 泌心 o.. 货燃 买 磁 实 实 买 买 丁' 
25,4,绗 520. 了 ....... .... 30燃实 w 2.2.2 ..... .... 缘 一 ...... 一 ....... ... 丁 了 ... 了 了 海 爱 燃 . 
26,1,. ：海 令 .. 手 燃燃与 子 ... 午 iL 装 装 争 ： 泌 装 26 
27,4,领 泌 ： 事 装路燃 享 一 器 手 巨 涨代 装 军 与 滚 事 美 2024天 事 事 一 
28,0,..... .... .. ... ...... 滚 ... ......xa ........ .. . ...... .. ...... .... - . .. .. .... .. .... 装 .. .. .. ........ .... ........ ... ...... ........ ...... 、w... .... .... wi . ...... .. ...... 滚要 -.... ...... ..... .. ..... ..... 滚 ......... ..... . ... 燃 .......... ....... ....... ............ ...... ..... ..... ...... ............ .... ..... . ...... ...... 
29,1,4 菱 .....w ...... .-- 子 ... ..... ..... 子 - ......... ： 燃 丁 泌 绘 .... 于 ... .. 
30,6,五 五 滚店 装 五 71 数 .... 正 五 --： .... 玉五 涨 .. . .. . 装 22 205e3.13. .. 1 三 7 -. 滚 ： 颈 - .. 滋 远 五 ・ s 
31,1,： 瞬 滚装 修 诚PR2 二 上 二 些 匕 LU . 泌 红 华 条 装 整 此 装 上 燃 
32,6,22s5 ... 交 滋 滚 文 交 装 < 潮 ..... 滋联送 .......... .. ..... 交 ： .... ......... 空 交 交 交 
33,2,燃 产 1.. 豪 家 2 滚 ....... 广 型 蜜 ・ 泌x 立 、 装燃 产 文 
34,0,： 22M4 滋 滋 滚 A ： 入 滚 r 、 
35,3,十 什 什 ： 什 L ： ： ： 缘 燃 十 且 ： 装滚 公 镂装 仕 热 滚 十 十 ： 
36,1,.m 添 ...... 一 ......... 二 ... ： ： ..... 漆 美 ... 233泌34 仁 、 滚 ...... .. . 82W2 装 ..... .. ： .. .... 、 海 送 .... ... .... 
37,9,公 . .. 今 Q20R0 ・ 今 今 公 . 爱瓣 今 .. 装 rcw ee 今 酸 今今 . 今 ・. 今 
38,2,滚 影 安 绘 入 从 1 ・ yw 燃 美 泌 从 
39,3,的 十 接 滚 凝 ： 他 滚 滋 滚 磁 接道 淀 他 樱 泌 2 规 他 较2 
40,5,.. 泌 燃深 滚 触 iLO 仙 10 装 ： ： 仙 缘 仙 家 款 实、 4 仙 滚 仙 
41,12,滚 滋 代 二 滚 代代 代 滚 代 代 、 二 代 、 20燃燃 燃 ： 装 代 代 代 代代 滚 040 
42,0,\ .. 燃 6感燃 狐 实 泌 5深模 涂 幽 ： 目 美 ・. 学 室 ： L 人 ： 燃 泌 
43,9,们 门 们 燃络燃 滚 .一 112 有 们 们 夏 .... 们 ： 馆 ： 滚燃 们 销 们们 ・ ： 4 洲 们 Namm 220 新X NE 
44,9,件 许 ： 燃 件 件 件 家 件 1.0 1 件 件 陈彩港粉 件 装 件 ： 
45,4,大 滚 正 ： ........... 滋 工 冰22 ... 小厂 城 任 1 .. 千 .. ... 工 任 . 王 T. ..、 滋 任 聚燃燃 压 装 涨影 仁- 任 
46,6,众 、 28Mm 众 众 验 众 大 众 众 人 装 ： 入 9880 
47,6,连袋滚莱 伙 人 认 滚 装 实 伙 1.9 保 伙 滚 磁激经 伙 饮 个 . 小 燃 送 小 伙 ：伙 感 心 六 
48,10,..... 二. 会 会 一 u 会 燃优 恋 装 2： 尖 . 滚 张 装 今 一 会 滚 继 会 会 会会 台会 全 . . 会 乞 
49,10,二 传 传 . 专 装资燃 传传传 传 .. 专 滚燃滚 惑装滚 专 滚 门 传 传 天懒 装 ： at go 传 专 传 装 
50,0,滚 0燃 1.、 燃卷燃 白 装 白 白 的 白 滚 滋 漆 白 篮 泌 货 食 菱 滚 ：： 一 
51,2,卷 .. 熊 仁 滚 退 1. 但 碟磁 32 燃22 菱 但 7 ... 1 二 2燃 中二 13 零 . ： -- 装 滚 联N 强 燃禾器 仁 德 二 漆 
52,13,位 位 位 涨 位 之 1- ........ 燃 ...0 位 凝 位 立 立 位立 . 位 冰A ：...... 位 二 发 滋 i 位 位 位 应位 
53,7,美季 仁 低 40 滚 鑫 J 低 低 誉 低 低 低 OLI 5 .... 滋 13 低 
54,7,体 木 体 体 人 20保泌 滚 体 ： 磁涨 不 体 一 公 瓣 滋 滋 滚 装燃装泌 体 体 泌 AKC 1 - 心 ：： 
55,9,作 .. 长 . 上作 达燃 作 20 器 作 作 蜜 美 作 ： E 乍 A 作下 烫 展一 作 淑 作 林路滋滚 
56,17,你 你 你 器 18X 猴 小你 你 你 泌的 小 你 你 尔 20好 你 你 s 你 你 你 你 r 餐 你 装 尔 你 上 组 你 
57,5,封 滚 蒸 家 滚 ： 泌 文 使 装淀泌 安 使 长 涵 大方 使 专 家 使 教 、： 女 漆 吏 使 泌 滚 
58,7,例 例 婆 漆 例 例 外 ： ：/ 例 例 例 滋 1. ... 燃 装 一. 
59,6,1、1. 供 阳 ‘.... 供 供供 共 22泌2滋 共 小 送 易燃 黎露 洪 一 供 三 燃03 共 共供偿 一 
60,15,保保 保系 仅 猴 保 保 保 达 80 木 保 保 深 凝 货 保 综 保 保 保 7. 滚 泌 二 保 保装 保 大燃 
61,15,信 信 款 信 二. ! 信 信 信信 言信 ..... o懒0 信信 二 信 实骤 . 专 信 .泌 主5 信 模衫 信信 
62,3,陕 滚燃 候 一 候 22 凝 生 装 CR 吴 ‘. 保 、 燃 藏 恢 燃 候： 假： za 
63,12,道 值 值 信 值 值 言 ...... .cco 直信 值 燃 值 值 值 值 趣 值 藏 re 值 二 彩 潮 值 磁 装 凝 
64,7,笔 燃 设 估 做 估 燃 0漆擦 过 做 猴 做 1 女 11 洞三 女 做 做 泌 ： 做 做 
65,4,偿 装 信 燃 ：4 模 二 家装 尝 送 偿 燃装 三 云 院 型 传 偿 涨 发 学 燃 医 腰 偿 尝 一 
66,3,骤 滚 滚 套 ： 儿 y \.： ：  儿 滚 1L 装 元 儿 装滚 
67,14,元. 元， ........ 元 ........ .. .... ...... ...... 元 元 元 流燃 轻 货燃单 元 元 爵 .... . ...... 爱 ........ .. ........ 元元 ・ ...... 磁 滚滋 ........... ...... .... .... -... 金 ......... 、 元 元 元 懒 装 . 元 .... .. 
68,6,午 先 瓣 装 c燃0 滚 先 海 ： 先 会 泌楼 ... 一 器 先 学 50 支 牛 先 六 气 心 先 
69,17,涨 光 光 光 光 滚 装滚 涨 光 光 光 光 滚 光光 光 光 誉 光 光 光 元 2x 光 影 . 滚 光兴 
70,18,一 党 党 党 党党 元党 崇 兑克 ： 院 i 滋 涨 党 党 党 滚 党 宽 淡燃 党 兑 党 党党 im. 党 党 激 衣 下 ・ 兑党 党 
71,0,繁 器 装 模 海 滚 装装 
72,6,法 ： 全 .an 送 滚织裂 二 二 装 二 滚 、 全 滋 全 全 金全 全 宝 
73,1,八 滚 ： 司 ： 蜜 影系 2x r 济 ： 器 线 r 
74,7,公 公 、 涨 公 公 公 A ..... 装装 公 燃 燃 燃 公 装 
75,6,. 六 ： . 3滚 六 ..... ... ......... .. .. ... -：40972 s .. .. ....... 六 AF 7 ...... . ... .. 六六 测 六 
76,5,一 、 ... 装 第5 森燃 共 其 共 ： 滋 沁 ： 一 ................ 、 袋 上 共 测 ・. 婆  必 ... 共 天 29泌 滋 共 送 
77,11,燃 燃频 天 燃激 关 关关 一 .... 天 关 大 关 心 蒸 装 全 . 关 兴 大 关 ... 关 .. 关关民 关 
78,6,其 L! 其 1 美 变 其 其 ・N 装 具 其 er： 滚 其 
79,7,到 滋 具 空滚 具 第：竭 尼 一 专 露 宾 一 邀泌滚 燃 滚 X2W燃 .. 具 魔 一 ..... 天 具 具 滚换项 ： 具 占 具 
80,12,燃 内 内 藤 内 凝 ： 内 内 一 滚 内 内 滚 漆  内肖 内 内 内 六 内 多 燃 冰 滚 婆 漆 
81,5,二 . 二 每 个 再 奶滋 4 联燃 EX 2 门 架燃滋 器 燃 再 再 再 强家 再 c 百 梁 门 滚 、 燃0 52 
82,4,懒 送 季腰 燃 .. 配 ： 滚 军 ing 军 s 淡心泌 三 二 变 模 宝 举 滚00 漆 2燃 车 .... 漆 一 军 军 车 柔 
83,5,燃 衣 衣 衣 滚 农 衣 农餐 ： ： 衣 衣 ....a.o..... 衣农 农 容 家 衣 之农 滚 
84,4,长 庆 夹 法 J.. 大 第 户 2聚 决 决 决 大 次 泌 兴 大 决 快 
85,6,装 艺 城02 涨 ： 交 逆 泌 元 况 兄 -1 罗瓣 滋 况 气 况 况 - 况 姜 送 况 汽 
86,14,等 领滋 中 成 线 减 溢 减 减 减 成减减减 ￥： 滚 咸 滚 燃 店 轻 减 减 减 涨 滚 e 减 骤 减 减 减 
87,3,： ... 海泌卷燃 几 c2 33 a.o.. 沁 门 八 厂 ： 型 厂 几 运 .几 cm 
88,4,毛 燃 三 凭传 毛 滋 凭 滚燃 ... . 气 凭 卡 .1 滚 鑫 供 任 下 燃 毛凭 装 仔 爱 元 年 、 39 
89,2,刻 路 .... 滋 续 菜 十 H D 装 滚 滚 一 园 出 出 誉 滚 上 冰保 十 ： 铭桌 
90,9,缘 翻 路 圈 一 分 分 分分 刀 滚 罗 分 分 门 分分 分 公 / 
91,3,门 安 颜 厂 171 E燃 ： 切 数 装 切 镂 燃 t7 ： ： 切 原燃 滋 口 
92,6,耐 薄点 则 则 购 则! 影 滚 赚 ... 则 涨 燃泌 则见 则 火 川 33林路10 
93,2,... 半 兴1 光 光 判 .. 滋 ..： 镂 燃燃 露 兴 润 六 泰 燃 州 光 大 滚 判 ： 
94,11,： ： 科 利 装 燃 利 方 燃 利 利 不J 科 .. 骤 利 利 利 利 利 利 利 
95,6,别 别 别 5 x . ： 罗 5 器 赛 必 别 别 ： ： 装 室 滋 20 美 爱 、 别 m.. 燃 ：.： 骤 
96,6,柔 到 公 至 、： 骤 器 到 滚 燃 河 ....8 到 锁 二 1 强 二・ 露 ： 至 到到到 39 
97,6,24冰 滚 继 制 制 制 燃 装 泌 ： 制 制 、 滚 制 .... 
98,6,22 ma 刘剂 剂 剂 齐 区 1 剂 刘 刑 1 ： 燃 热 齐 美 齐 剂 门 文 ： 镂 ： . 22 澳 剂 ! 齐 袋 
99,11,前 前 前 前 磁 前 前 滋 装 燃 前 .. 家 前 -. 前 前 前 塑 ... 言 
100,4,FA1i 心 型 影 剧 剧 泌燃 ：.. IT 列 焖： ： 二 上 泌 装 居 剧 臻 式 剧 利 完 2饿帐SR 装 装 
101,6,力 滚 小 滚 力 汇 罗 7. ..~ 力 六 泌 力 方 十 .1 ... 方 力 安 十1 力 装 
102,2,.. 磁 器 加 办 jo 、： 7.n ・17 滚 ..：1 燃 安 摆 燃 15 滚 ：. 送 加 ...：1 小 ： 
103,2,务务 ... 泌心 燃 ... 分 涨 名努 卷 一 、 .. 
104,10,全 M2 动 动 炉 . ...... 滚 爽 云 卜 读 动 动 学 771 动 动 小 动动 ： 云 让 涨 漆 滋 20 动 -..... ... ... 动 1j 7 滋 
105,7,i劳 伊 .. 泌 条 送 L 与 WA8 300 巧 方 劳 劳 旁 实 NK泌热/燃 与 一 劳 梦 燃 滩 劳 劳 修 装漆 劳 无 滋 
106,11,化 化 光化 、. 装 化 送 化 .m 化 化 化 化 化 燃 装 器 慈 化 
107,5,进搭 北 装 一 ： 跳 *1 药 北 一 上 ： 强好 ： 北 装 2继条 ： ：、 .. 北 心 日 北 ・ . 
108,3,滚 24 区 超赞 ....... 一 ... 区 滚 区 双NT ..... 装 藏 .. .. .... ...... 卜 篮 沙 22 一 .... 滋 沙 梁 ... . 
109,3,・ . ： ： ： 燃 . 婴 十 燃 ... 凝 .. 、 十 露 7严滚 . 十 滚领 
110,8,泌 华 瓣 华 华 华 华 蕊 华 伞 装 燃 .... 50 滚漆 华 华 滚 
111,7,台 单 1 单 户 ： 郎 岸 系 镂 单 单 剖 上 零 效3 汽发 一 单 单 理 单 羊 
112,11,门 二 .... -- 沙 声 南 第 南 南 南 主 楼 南 南 南 慈 装 网 南 商 婆 RE 南 南 ..... 南 有 ... 辛 
113,2,燃 滚 ..... 占 25 ...... 占 燃 2.. .. 猫 装 5 .. .. ...... ： 上 上上 ... 白 -5083 . 3W2MR 11 门 滚 燃 
114,3,滚 臣 燃 懒8 家 服 装 卧卧 燃 .1 ： 蒸 RPP F. 一 卧 .... 装 
115,0,2 T 8R23 滚 a 豹 .. .. .. 二 磁 T) 菱 门 .! 51 T 天 凝 节影 T“ - 一 
116,4,即 417 17 即 装 送 ・. 涨 二 民 门 实 民 即 滚 燃 即 
117,3,...... ..... 老 巷 滚 燃 学 卷 港 有 x4e 泌 厅 七 > 卷 卷 .... 
118,2,.. 压 P 2E 压 慈和 热 ....... 款 骤 ....... ....... ........ . ： .... .. 三 派 . .. . >. 泛 ..... ........ ...... E 
119,12,EX A 顾 一 宾 女 宾 燃 原 原 镂 燃器燃 原 原 一 原 12 万 原 燃 原 原 原 原 20M 物 安 泉 乘 绣 原 原 
120,5,法 去 去 去 夫 去 3超 燃 ： 去 数 
121,3,鉴 一1 又 泌 又 .... 又 ... 器 文 ... 心 w. 
122,4,条 及 滚 ・ 及 5222 转滚 ewa 及 及 八 送 滚 装 送 漆 公 
123,5,送6 帐 反 35 反 .... 滋涨 ...... w......... ..... 辰 之 现安 ..... 5.20 2420 ...... ..... 燃 .... 涤滋 黑 滋 器 ...... 反 .... 深 反 反 露 ..... 
124,21,大发 发 发 燃 器 、 发 发 发 发 发 ： 发 发 学泌姿 4. 4 发 一 发 on am 发 发 发 发 发 大 发 装 2 发 发 一 发 
125,2,装 5 N is：s 取 0.7 超 衣 1、”、 欧 f 、 然常 日 城 F 取 家 . -X250 骤 一 
126,5,一 飞 婴 滚 受 燃美 燃 ：.： ..... 器 爱 滚 第 ....... 二 装 乏 、 受受 受 然 爱爱 一 爱 滋 实 受 磁 
127,9,变 变 700 变 聚 6 变 变 . 变 变 第 一 变 张满 支 变 装装 
128,2,口. 厂 hes 口 一： AWN ..... L 模 群 门 ........ 激滋 燃03 凝 ・1 滚 ....... ： 案 ： 
129,2,2W 滚 ... ： 11 古 联 亡 安 袭 .. 上 20 ...... 滚 器 . 士 .. .： ・ 资滚燃 ....... ..... 古 熙 .. . ... 4 传 燃 遂 .... 吉 ..... 三 ... 燃 . .. 皮 17 
130,4,远 滋 句 骤 ca- 匀 任 超货 继 句 包 勺 司 ：23 2：82 滋 035泌*8.0 装 包 句 句 ne-： 闲领爱 燃 T 司 电205粉 
131,2,只 .... 滋 热燃 目 轻 2 ... 、 只 欢滋 .... 4 .. 限 ..... 
132,0,. ： IL D. 8激 多 附 一 燃 X mtM 滚 ： 川 品 二 欧森 L QB 盛 
133,12,国 ：T 可可 装 可 可 金 磁 衣 溪 re 可卜 可 可 可 可 可 可 可 
134,16,深 三 会 号 号 淡 燃 三 三 号 中 淀 号 ..... 号 号 号 号 号 .- ........ 二 一 号 号 号 号 号号 E 滚 ............ 号 .... 
135,1,名 燃 . 滚 名 名 ... 一 邻 7 .. 各 名 线 气 滚 
136,6,合 会 ： 、 经 发 合 台 合 aa 合 会 热滋 4 燃 3溢 金 合 合 
137,6,同 同 园 习 . 同 司 同 .... 司 继 ... 商 同 可 第2 滚 E0. 252 滚 同 溅 
138,15,名 .. 名 、 装 滋 名 名 名 二 名 名 ： ： 名 名 名 名 长 泌 名 泛 袋 名 名 名 ......- m..-................. ：4 
139,8,后 装 斤： 后 滚 .. 装 装 后 后 后 誉 ... 后 活 电器 .... 居 .... ..... 漆 后 后 .... .- 
140,6,货 向 ： 向 广 影 向 可 民 向 w ccm 门 向 燃 可 模 向 句 
141,3,装 小 您 妙少 225 吵 砂 益 吵 少 吵 pi ! 燃 公 1 小 茶 几 彩 一 、1 山 心始Sx 
142,5,员 贸 3X2202 员 美一 燃 热燃 装缘 民 彩 民 员 装 员 员 燃 套 二 物 
143,15,整 ： 命 命 念 命 命 命 武 燃快 ....... 命 ：02- 点 命 命 装泌 一 命 可 一 命 11 命 纺 命 节 命 命 命 
144,8,衣 和和 骤 紫 和 滋 送 美 装柔 器 乐 和 s 家 2燃燃 路2 送 燃 ： 二 和 和 聪溢学 关 和1 和 一 R282P 禾 
145,7,咬 胶 空 胶 交 泌 滚 装 1. 装 安 咬 萨 咬 帐运 咬 婆 2燃 00年 爱 咬 陵 咬 咬 一 3.. 胶 
146,5,燃 ：1- 咳 接 陕 行咳 孩 燃保 海 拳 玄 咳 ....... 漆除 咳 咳 ...... 深 燃 燃 交 
147,11,品 品 品 附 品 m 泌 正 家 .... 民 ： 品 燃 ：： 品 品 影 滋 ... 品 ... 磁 品 品 蜜 染 5 占 装 . ... 品 
148,0,12262 喔 晖 买 门 2： 电 ow n5 - .... 、： ....... 一 工 生 滚 5 一 E： DS 滋 
149,3,轻 哪 刀 s，i ・ 文 AN 门 ： 泌 ： ・ 195 燃 .. 安燃泌： . ： 哪 买 HTY一 Gn： w.os 哪 那 YY 41 
150,5,哭. 大 家滚型 领露 5.11 哭 泌 送 ：： 尖 燃 海湖 哭 .70. 2燃3 好 19 … 蜜装滚滋 哭 送 ：T 、 哭 避 多 一 
151,3,唯 ： 唯 策 生 服 隧 通燃0 燃 燃 球 .... 唯 
152,13,装 商 商 商 商 .. 商商 凝 燃 离商 送 ： 八、厂： 游 滚 影 . .. 商 商商 商 司 商 商 /燃w 
153,5,喂 障 喂 喂 滚 320涨 凝 EE 喂 喂\ EH 汇 柔 滋 漂 滚 、 惑 1 溢 
154,5,成 / 、 激 装 轻 呱. 喊 ： A 式 式 滋 燃 燃 滚 喊 一 1.滋 T>a 燃 喊 装g 喊 喊 腻 
155,1,合 呢 测 喝 275 滚 2 一 12K、 24 w 燃25 送 具 湿 湿 作 
156,9,滋 滚 11+ 滚 器 器 ：器 器 器 4s 一 器 品 ： 品 器 ：A7 送 燃 装装 镂 艺 器 1二 忙 器 已 
157,5,西 四 秘 四 匹 型 型 燃 一- 四 藏人 安 ： 1 泌燃 ---- 瓣 0燃 四 叫 四 燃 22 耐2 装 ..... 25 
158,1,国 22 国 装 回 恒 磁 滚 爱 \ .... 西 ici 女 - 疆 w 
159,6,漆 因 ... 因 滚 因 西因 医 天 燃 泌 ... 票 因 滚 我 因 
160,8,园 57 园 80 用 美 燃 园 园 园 -. 宝 家 园 三 园 区 园 元 、. 
161,5,国 国 装 滚 国 滋 .. 厂宝1 司 .： 一1 .. .. .. 美 i 泌 . 国 送 网 . 镂 “ 二 .......... 影 国 . . 
162,10,图 裹 图 . 菱 一 燃送 图 图窗 燃露 美 图 骤装 图 一. 泌 ... 装 蚕继  图 价 图： 图 图 泌 
163,7,司 圆 澳 圆 燃 圆 圆 滚 姜 RN 桑 阅 微 黛燃器 滚 装 5EA心 装碎 店 圆 图 涵 r. ： 圆运 圆 .... 装 滚 肖 
164,4,.. 士 .. 士 土 .. 二 士 装滚滚 士 . 漆镂装 装 送 土 i 1. 装 ----- 一 . 、 a 土 月. ..... 滚 土 . .... ......。 、 . 泌 二 .... ...... ....... .. .... J： 
165,9,在 ..... 在 有 黛 24o： 工 在 ：...... 在 衣运 泌 .. 在 在 在 多 滚 燃 在 ? . ....... 六 车 燃 在 二 
166,5,1 地 11 市 ar 置 32 牛 上 服 地 装M 滋 寨 110 地 地 地 
167,11,安装 矛 汤 场 燃 滚 场 勿 场 场 装 滚 装 汤 场 场场 坊场 ： 元美 场 场 场 办 装 坛 涤 区 汤 
168,5,全 滚 坐 生 人 漆 经 坐 坐 ，!， 燃 手 坐 坐 
169,7,块 装 犬 美 块大 块 块 读 块 天 ：F泌 滚 饮 激 埃 滨 熙 块 送 巧 块 17 大 接 夫 1 大 
170,1,十. 泌模店 .. 6 沉 渗 燃影 装 装 i 装 坦 迎 涂 燃 燃 4送 
171,8,其 二 之 燃 蒸 基 泌 z at* 层 基 基 基 基 基 装满 专 .. 滚 好沙 二 爱 ...... 买垦 + 之： 燃 基 基 己 
172,4,X2 高 瑙 滋K 泌 场 . 鞋 50 一 高 缩墙 墙 培墙 培 义 ：二 1元 一 心 装装 、 造 安装 器 上! 墙 造 
173,10,增 增 增 之 曾增 甘 塔 卖 增 增 继 增增 曾 增 兽 增 LrY 
174,10,声 足有 声 声 cz ... 装 当 物 声声 声 凝 ： 声 22 800 吉 声声 点 装 滚装 声 一 款 衣 吉 
175,10,处 、 处 . ... .. 处处 澡 处 泌 心 ......... 滚 夕 处 袋 处 处 处 ... 处 -... 修 泌8220 
176,8,复 复 装 燃 头 复 食 公. 复 燃 --... s 复 复 ..... 姿 .8 本产器送气配斌 ..... 复 燃燃生 复 货 . 1 汇 PA滋28 
177,12,外 安装 小 外 滚 ea 、 外 外 缓 ： ： 离 外 外 术 外 ma wsm 装 燃 外 公 套 外外 、外 ： ： 燃 外 八小 主 
178,13,号 多 泌5燃i 燃 一 滚 多 多 多 桑 多 多 字 多 漆 爱 多 ..- 多多 装 多 w.. 安袋 多 多 
179,9,大 新 大 大 大 大 爱 滚 滋 滚 滚 泌18o2 ...... 六、 六 、 天 大 大 大 大 
180,6,天 天 天 天 ... 装 滋 .. .. ... tte* raw ... 天 继 装泌 ..... 滚 ： 天 ... 大 
181,8,、 头 大 签泌 头 头 大 头头 头 s 漆 滚 头 泳怒 一 头 
182,4,瓣 地 磁 她  她 泌 抛 滋 影 电 滋 女 她 她 地 心 
183,5,好 燃 好 子 好 s・ 了 22 产 镯 女 燃装 好 瓜 子 燃 好 h不 
184,4,一 ： 滚：松滋 刻 如 滋 如 如 燃 ： 燃 磁 夕 滚 全 邓如 燃 列 
185,2,h.j 媚 女 二 ....： 滚 夕：i 3 2双 滋影 女1 涨 二 妇 ： .. 一 门 ! 妃 、 小3 滚 妇 
186,2,2x RE AT 滚 器 三 娃王 女 姐 姐 燃 滋 美滋 日 米 2燃 如 影 二 豆 处 m 
187,3,酒 装 妃 发 杜醛 品 妃 一 滚 ： 姑 一 站 ： 装 姑 .5 防 姑 装 泌 强 燃 ・ 
188,5,涨 送 女 姓 ・ 牛 SuR 姓 士 滋滚 上 好 姓 然 一 姓 +吐 .、 线 要 姓 必 女 泌 36 生 第 一 
189,7,子宁 .... 子 子 2部花 一 装 ... 子 子 燃 ... .. ... 之 漆 燃 流 ... . 鞋 0装 2285 ... 寸 子 子 滚 淡滋5 
190,22,学 学 学 学 学 一 学 学 学 中 ... 卫 学 学 学 学 滚 学 滚 学 学 学 学 学 学 ......... .. 半 学 学 学 
191,9,凉 安孩 泌 装 孩 涵 孩 六 第 孩孩 蒸 孩 孩 泌燃燃 om冰 十 ：二 孩 多 滚 深 能 孩阀 滋装 滋 一 14 滋 22 子 的 
192,10,2 它 它它 诺 它 它 .... 燃 它 2 它 匕 它 它 凝 ・ 它 ree 
193,6,楼 滚 71 安 滚 家 安 光燃裂 骤 安 ・ ...... 12 ： ... 慈 热 燃 厂 安 安 安 .... .. ... 
194,7,天领 完 充 到 完 完 充， 、 bac z 元 完 完 元 吴 完完 燃镂 究 元 .. 
195,5,宗 宾 室 燃 1 官 南 庭 客 三 宝 宾 公理燃 宫 E. 官 送 D 滚 疆 三 官 宝 盛 燃 二 新 宫 o tac ： 营 滚 yac 宝 官 官或 ... 言 
196,9,泌 宝 定 bob. 泌 足 定 .... 滚 足 滋送 .... 尺： ....... 元 定 SW 59天 定 三 定异 连 定 定 定庭 安 2泌25 定 
197,16,数 滚 实 实实实 磁 一 实 大 回 涂 头 实 实 实 买 实 装 装 实 实 实 燃 漆 装 燃 实 实 实 装 实 
198,6,害 三 2、 x 害 主 42 燃 年 宝器 设 pw 吉 0心 滋 害 r 三 装 燃 色 20 一 营 4 害 害 害 装 
199,18,家兰 家 家 家 家 aut： 家 家 c 家 宏 220燃 家 ..... 家 家 家 家 滚 家 家 家 家 求 家 
200,10,容 容 装 跨 帘 容 容 容 容 樱滚 害 一 燃 涨 2x 香 滚. -1 容 易环 r- 一 容 香 涂影 燃 容 实 ：2泌 六 冷 容 咨 
201,5,对 懒 条 轻 7一 泌 对 滋 对对 装 涨 .... .. .... 对 子 . 演K丝2 
202,4,.. 卡 送 泌 .... 滚 导 ... ...... ...... 导 学 器 号 导 滚 导 滚 二 ..... 三 二 ..... Nw 上 
203,3,燃 封丽 漆领滚 帐 公院 女 十 邀 封 一 泌 时 时 滋 封 
204,4,仔 将 复 鉴 将 冬 递 东 将 将 缓 泌 滚 恋 
205,16,小 小 小 小 小藏 小 小 小 、小 !、 花激 20燃 小 磁楼 、 小 小 … 装 小 275 装 装 蒸 小 ： 小 小 
206,3,燃 燃 少 少 热淡 燃燃 .... ...... 少 装 滋 ... 强 卜 小 .. .. ..b 燃锁 
207,4,京 京 滚 就 .... 一 就 ： ：：： 皮 小 懒 广 疗 沥 谈 就 京， 六 / 衣 成 就 腔 
208,0,滚 安装 泌 店 送 滋 居 滋 77 1. 泌 源级 ， ： 二 ae泌 云 Pi 藤 
209,9,7. 一 屋 屋 ：.：” 滚 影 一 ... 国 王 屋 燃 屋 屋 屋 唇 L 酒 1三 燃 屋： 屋 滚 蹈三 屋 
210,2,滋 燃 装 一 方 纸 泌服 展 器 燃逐 有 黑 展 安 L 凝 胶 滚 
211,2,0.Ui 山 山 燃器 安 ・ 日 a . .... 18涨 ： 二 ： ： U i 送 ： ： 激 LL 露 s ： 蓬 送 
212,2,燃 ： 1 ： ： r 骤 . ： ： 滋 装 藏 ： ： 装 ： . ： 、 ： 川 订 滋 分 滋 ： 川 
213,4,...... . ..... .... ..... . ..、 ...... ...... 工 - .. .. 工 ... ... ... .. . 落 磁 .滚 .. .. 滚 ..... ..... .. ... . 工 家 . .. . r 工 .... ....... ...4 ... . .. ... ... . 滋 ... ....... ... 
214,0,三 .. 一 激 .. ...1 .... ... 保燃 -- . ... ...... . . 一 惊 装 ..... ： 3 送  一 .. ...... ..... 澳 .... 涨 ............... ... 藤 .. .. 
215,5,32 丝 布 溢 .. 滋 滚 ....... 涨 7 帝 布 布 心 .. .... 递 ....... 布 薯布 ---.... 不 75 
216,3,污 带 燃涨 鉴 ： 滚 .. 一 城 泌o m 二 ! 第 带 带 燃 货 15 动系裕 
217,4,席 滋骤滋 店 --.. 所 席 黛 安 席 全 泌 k： 一 滚 滋 .a.. ：“ ...... 席 
218,1,韩 老 大 燃 一 ： 美 ： 涨 懒 装 滋 . 滚 帮 潮爱鞋 2 蒂 老 
219,9,常 器 产 激 装滚 ： 常 滋 常 磁 常 常 y. 常 燃 1 安 尝 学燃 汽常 常 常 型 松 游 带 学 
220,2,s 经源器 十 黑0 um. 干 熟 -- .... .. 一 绒 一 漆婴 干 十 瓣 ； 
221,6,平 平 平 滋 澳 工 ...... 平 .. 泌 二 二： 平 激 滋 燃 .. ... 千 平 ..... 
222,7,滚 漆 合 .. a 滚 年 ... s 7210 20 年年 .. r 滋 年 年 年 7 ... 三 .... 年 
223,3,全 滩 空 家 .. 并 并 的燃 RNA . 洋 徽 开 开 许 并兴 装瓶巧 六 .... 海装 
224,8,幸 素 素 泌泌7 李幸 女 AX秘 幸 ： 幸 三 幸 辛 AN 2超设 幸 三 三 幸 幸 
225,0,套 装 20 滋 滚 太 滚 ... 
226,18,应 二 ... 燃 骤 衣 应二 广 立 应应 应 应 --- 应 应 .. 广应 热滋/ 应 第 ... 器 应 应 应 C WX 骤 应 应 模 燃 送器 应 缘 广 海 应 盛 应 送2 
227,8,厂 底 送 骤 底 底 .... ..... 六 广 氏 底 架装 .. 底 底 ....... ...... 底 底 
228,2,燃 一 发 废 发 [专 猴 废 ： 湖器设 翡 瓣 燃 家 汉 
229,4,pa RR PAN 吧 居 藤 a.. 度 藏 皮 经 轻2 手 度 厂 度 纹 燃 家 CA 室 ..... 度 一 守 滚 22 .. 15 
230,5,底 主 康 狼 康 燃 康 涨 R2 康 团 京 表 康 房 1一 器 2 产 懒 女一 爱 
231,9,燃 建 建 建 骤 泌 涨 漆 建 主 建 ：三 建 燃 滋 一 建 6.. 安 二 ： 燃3 建 建 一 臻 一 一 
232,7,燃 开 开 开 开 滋 下 ： 开 ・ 工 一 开开 
233,11,送 式式 式 式 三 器 .. 领 ... . \ .... 式 C222 ... 式 . 式 式式 送 隧 式 .. 上 式 ... Q 
234,11,张 影 张 张 张 张 张 滚 PJ 张 张 ： 滚 2X装 张 5长 张 张 燃 
235,1,泳 燃 配 单 华 燃 澳 单 泌9 26 ，，一一 丁 一 弘 数 弹 赏 镂 一 59 单 
236,4,EE： 聚燃 学3 设： 一. 强 二 强 69 强 ：激 鎏 装燃 二1 早 3燃头 动滚 32 .宝 滚 绘 紧 鞋 强 27 .1 .. w 二 、 ... 滚 WORS 3 ....-............. 
237,4,器 瓣 充 .1： ・ 当 燃 德 。 . w ....- 半 装燃 装柔 ： 38泌2 上 当 二1 1 当 AE 兰 装  。 小 一 当 ---- 
238,11,天 形 形开 影 形 小 . 装装娃 燃 形形 形 形 式 形 蛋 衫 开 形 形 州藤 园 TJ 开 器带微 滋 彩 滋 形 AN2 
239,16,影 影影 滚 景 影 影 景 影巨 影 影 影 日 衫 影 影 影 影 re a 影 A11 影 影 二 
240,5,墨 主 王 行 王 、 . 滚 往 往 往 艾 懒 ........ 名 往 一 三 .1 上 征 滋 往 90% 
241,10,浪 泌 德 很 很 骤 很 友限 家 衫 保作 良 汇海 很 很 1. 然 漆淡送 很 很很很 很 
242,7,镂 律律 律 车 一.・ 伊 三： 年 汽 律 律 年 律 二 滚 库 子 骤 律 
243,15,得： 零 燃 得 滚 燃2： 燃器燃 得 得 得 .. 蒸聚 圈 得 得 安 得 得 号 得 家网燃 得 得 2YW 滋 装 号 得 源代 得 得 
244,9,心 辑 磁 心 心 滚 心心 心 心 1 心 滚 泌论 心 八： 泌 滚 ROY 
245,13,必 文专 级 必 必 2 漆 必 必 板 必必 必 必 影 必 老 滚 必 必 装 装 必 
246,1,女 忘 示 一 ・ v2m 会 志 ：送 芯 .. .. 女 忘 燃 衣 
247,3,广 忙 装 滚露 、- 涨 瓣 .. ...--...-- ， .. .-... 燃 滋 Muut 送 广 忙 亡 广 ： 装 聚 .... 忙 一 微 二 
248,4,志 忠 门 ..‘ 泌 至 忠 十： 装 滚 文3 果 宝 和 总 2微A 治 七 Li： ： 忠 忠 镂 
249,10,永 命 念 念 念 念 芯 念 念 淡 心 念 今 滋 金 念 施 5燃 冷 . 楼 念 念 
250,9,不 态 ：m  燃 态 态 态态 激 态 懒 飞、 态 芯、 下 态 一 态 女 芯 理滚 w 送 
251,4,滚 影 签 怒 器 900 女 ... 忽 态 恕 怒 女 女 怒 滚 燃 装 恕 态 冠 1： 燃 怒 
252,6,姿 怜 怜 . ： 茶滋 今 怜 烈 0动 怜 ： 哈 今 怜 怜 冷 今 、 
253,7,熙 买 思 f思 思 思 王 懒 思 思 元. 模装 时 e泌 车 滚通 思 藤家 二 、 恩 .. 王! 网 
254,6,装 衫1 、 性 性 大 源 泌 性 装 性 性 性 塞 卜仕 . 滋 姿 .. 燃 7燃 燃 磁 生 生 生 
255,7,隐 忌 总 新返 美 滋 至 莲花 器 滚 滚 一 总 然 总 装 总 总 总 心. 总 送 
256,4,饭恢 恢 恢 恢 怀 燃 塞 饮 快 姿 泌 怀 灰 实 防 1. 灰 怀 凝 装* 
257,2,13飞 悟 适 11 装 悟 [ 小一 茶装燃 送 t泌ra 心 滚 激 688 服 二 3i 云 滚 20 
258,9,情 情 装装 燃 家 便 清 情 青 情 签 美 ：e224He 馆 看 EE r、 青 情情 器 ： 、 情 情 情 维 ： 滚影 2a 凝 花 
259,2,2 器 参 滚 会 送 参 滚 溅 惨 惨 长 参 ・ 参 磁通泌X 衫 参 修 滚 . 7... 鉴 眨 
260,3,装 贯 惯 货 磁学 惯 水 宁 装 员 有 溪 馈 二 员 爱 蹴 涨涨 滚Q 货 贯 、 滋 小思 恨 惯 1. 
261,10,慈 想 根 . 学C 2 想 想 中国际际装 木5. 滚 不品 ：C.. 术 想 '、 想 想 小 繁 想 想 想 想 
262,1,火 爱 装装 八. 不 丁火 、 5R： 芯 二 茶 滚 一 藤 头 燃o 愁 秋 彩 .、 7八 
263,14,第 二 一 总 意 意 意 意 要 wu rio er on 意 燃 意 意 意 一 公泌系 层 意 2燃 意意 意 意 意 
264,6,慢 晨 慢 慢 懒 版 实 28 懂 作 器燃 元5 蓝.. 慢 42 漫 24法+ 慢 慢 
265,3,慈 霞 模美 家 燃 懂 二 1. 馨 52 小 金 恒 菱 童 一 之 主 恒 滚 激 懂 盛滋 天 = 接 装滋 一 鎏 懂 
266,8,懒 悦 恼 以 .. iy/ 二 ： 2w.w 带习 懒 不少 骤 1 刺： 公 1. 滋 懒 懒 懒 2R 面 装 乐 小 藏 航 懒 AW 12 滚 心 换 懒 懒 
267,15,成 燃习 成 成 成 成 成 成龙 .... 成 成 燃 一 美 成 成 燃 .. 成成 成 ： 继家 成 
268,6,新 我 我 我 淡 +燃 我 五、 滚 滋 滚加漆 吸滚装 我 pick 漫袋 装 、 .. 我 
269,5,或 1 滚诺 减 .. 联 装 主 成 或 或 新 露 或 华宴 或 
270,7,我 龙 占 ~ 战 滋 达、 战 战 滚 战 城 战 燃 泌 泛美 2物 ・ 子 燃 战 楼 一 战 
271,3,55 燃 实长泌 燃 燃滚 学 ..... 尸 房 装 滚 滚 影 元 房 广 房 宅 三 燃 蝶 经2 后 懒3 
272,7,： 新 帐至 生 所 燃 所 所 露 装 装 5 所 衣 所 滋 燃 滚 所 P 所 
273,4,扇 骤 320燃 扇 骤实 2泌 滋 》 忘 反i 质 扇 家 扇 凉楼柔聚举 2i 车 房 房 藏 家 
274,5,滚 手 装装 .. 藏 手 ... 子 手 .. 一 一一 滋 于 ...... ..-.... ...... ..... 三 ....... 子手 手 ..... . ... 磁 .. 滚 骤 展滋 ... .. 、 一 子 
275,7,器 衣 2E .... 一 才 才 装 才 x 才 丁 才 滚 .... . 用设据 一 二十 德 德 才 凝紧 滚燃 滋 ... ... ： .... 才 一 EW 
276,5,打 打 十 打 一 灯丁 装 门 ... 打 ： 骤 打 影 二 
277,3,288 戈 钱 、： cc 、) 找 、 屯 弋 燃燃 找 找 线 燃 文 梁 
278,1,燃 2222 Tei 套 家 吧 滚 装 装 恕把 .. 巴 ：： 
279,5,把 ma 小 抓泳 宝 链燃 扣 扣 ：1 抓 抓 抓 JB、 滚 帆 +i7 ： 抓 
280,5,水漆购 ： E泌2 装恶燃燃 新 斤 折 折 护 燃 折 折 .... 9精服衣 11 折 文 .... 型 32YK82 书 
281,2,... 摄 装 滚 、 报 燃 紫 P 泌 滚 手 套 九 L223RA 报 婴 ・ 深R32 振 
282,5,滋 抱抱 包 包 托 抱 抢 送 抱 抱 滋 餐 包 滚滚装 保 幻 熊 滋 抢 摇 
283,9,拉 燃 六 滚 拉 到 泌 拉 室/ .... ... 立 镂 滚孙件 拉 拉拉 拉 拉 热 拉 
284,0,指 *m 落 22 . . 燃 E 接 招接 二 挂 三 装 
285,4,：二 15 摇 二 托 一 壬 露 舌 燃2 插 活 燃 三 括 漆 涨 一 活 护， 一 深 活 活 凝 活 云 蒸 二 括 吉 括 .. 100 族 括 
286,5,热 海 持 一 ： 持 橡然 持拌 宁 上 燃 卡 琦 套 1 J 招 打 持 漆 ： 持 子 第 
287,6,指 托 一 滚 指 、 指 ， 自三 指 滋 ... 熊 装 涵 搭 阁 滚 + 装 ： 指 .. 泌 指 中 燃o 
288,1,节 装 净 镂 各 挣 净 滚 滋 骤 滚 、 打片 条 
289,1,1-1 、 一 df：w S：Q心03 装 帐 紫装强 套 凝 继 据 展 骤 古 二 1店 质 滚 15 一 女 联燃 s1 活 拆 
290,5,ae 为 双滋 聚短 繁 点 早 掉 济 送 卓 .... 装 掉 家 掉 掉 泌 一 送0 旦 掉 拉 
291,4,学 掌 糕 ： 堂 享 滋 L 堂 唇 号 掌 宾 掌 嬷 08i5泌2 难 空 学 厚. 滋 掌 燃 常 学 量 
292,2,七 卡 一 一 泌： ...... 涨 ・ 拌 滚 ： 色 1F 14- 滚 美 育 H 排 排 ： 小 蒸 .. 美 ・ 栏 一 一 il 装 2泌 非 公 
293,9,接 接 楼 汽 接 新 多 人 之 美装 泌超奶 爱 热滚 接 涨 13 套 玫 环诺 漆 接 授接 接接 滚 燃 1. 道工 接 
294,1,深 签 接 法 信 、 心 22滚 长 广 崇 滚 道 器 ： 措 指 一 罪 泌219 
295,6,高 提 提 激 提 、 磁滚 货装 提 爆 摄 拆 等 提 惑 Q 据 提 C燃 1聪 2486 电 燃 晨 淀 
296,7,提： 鑫装 落 摆 十 滚 主 会 罢漂 摆 漆 .F TT 书 摆Y 送 .17 T： 二. 摆 摇摆 摆 送 摆 
297,3,摸 装 模 ron 第 摄 摸 联燃 2代 掉造 贷 摸 安 模 天 唤 膜 3-w 20 送 20 
298,2,散 款 1 r 凳 广 凝 L+ ： 措 撒 散 629项 款 一 一 涨 、 燃燃 2诺连燃 撒 北 . 措 
299,7,v5 k 恤一 收 ： 泌对 燃 装 收 收 滚 收 收 s ... 滚 保 ： l 收 X樱淡 .1 收 汉 
300,5,改 英送 滚 改 改 改 资 fr 欧 改 K203 
301,5,整 胶 系燃 放 滋 下 放 e 熔 繁 磁 放 改 就 儿、 放 放 
302,10,止 改 叭 欧 燃 文 欧 政 链 政 政 政 正 政 政 家 政 装滋 政 滚 馨 游 政 政 致 滚 
303,7,. 女 数 教 骤 款 教 教 燃：安激豪 教 约 Tr 袋暖 款 淑 教 滚 教 教 大 滚 女 
304,1,燃3xm 子 目 敢 一、 13 TAl 1 6552 我 滋 鑫 燃 一 自7 泌28.coc 滚 7泌2R1P0I 职 联 T. 取 花 
305,7,认 子 敬 送 敬 弧 磁 ： .1.. ： 欹 敏 在 这 款 敬 敦 滚女 滋3 散敬 敬 1 敬 滚 泌 敬 
306,5,影 紧 X7 本 滚 数数 器 教 灯 第 光 娄7 燃 款 滚 数 数 数 0燃 .rl 发 模滋 
307,8,影 滚 整 轻 宝 滚 赏装 整 轻25 整 整 02 燃浴 整 滋 ：. un. 整 装 7E. 修 燃 整 三 整 三 8ES2433 滚 
308,9,一 文 文 、 文 滚 文 文 文 、 ….. ... 修 文 文 立 新 宝 ： 全 燃装 ... 文 
309,3,..... . ..... 装概 斗 斗 ..... ... ： .-- 燃 斗 ： 送2燃 .. ... 十 
310,3,料 凝 料 轻 不+ 斗 全 ・ T 装23205 之 料 宋 慈 燃 1保 
311,2,八 器 ic. 继 繁 架 泌 Ni・ 装 .. ： 断 断 料 ： 热 长 .. 矿 L ： H070 28 
312,15,然 兴 列 新 领滚 套 竞 w.......... 新 新 恋 UT 新 新 新 高 新新 燃 院 .. 新新新新 ： ： 之 新 新 莉， 浓 然 新 ： 
313,3,滚 .. 方 滋 泌 涨燃 方 --... 万 著 88燃 装 ・ .. 装 六 广 方 六 7i 改 
314,7,装 旁 旁 燃 泌 号旁 燃 薰 方 zz 燃客隙 产 旁 燃 旁 意 滚 旁 张 器 旁 
315,11,流 限 旅 旅旅 旅 旅旅 零 ： 旅 旅 旅 .. 旅 旅 滚 
316,9,激 无 天 天 泌 柜 无 燃 装梁 二元 无天 圣模 燃 懒 天 无 无 无 无 无元无 元 滚 ! 
317,0,滋 和 丁 4 2.. -： 骤 2A2 F1 11 貔 沁 等 爱 实 二 二 第 尧 ! 
318,14,慈 时 时 下 n.L . 刊 樱 家 装2 门 时 时 十 燃C文 时 时 日 泌2 婚 誉激 .1 时 .. 时 菜 装 燃 装 寸 时寸 时时 时 ： ：，： 时时 
319,1,薇 A8 s 14 .. .一 05 一 燃 滋 二 明 ! 略 涨 6- 54 胡 905 !二 激 01 
320,10,滋 家 2 号 滚 桑 美 ...2...... 易 易 易 图 漆 黑 易 燃滚 党 屏 游 易 易易 三 级 易 燃 乐 引 易易 滋江 男 
321,5,：528MR6i 是 A8X 是愿 沁装 2 是 是 一 3 .... 542 滚 燃 、 鼎 ..... 居 券 是 . s. 
322,1,滩 瑞暗 全2燃 音 ... 模 [倍 te 哼 一 燃装 培 领 激 清 ..... 门 二 滋 学 控 
323,7,发 更 家 更 轻 ： .... 度 更 二 送式 更 大 更 A爵 心 爱 更 乏 更 
324,7,最 滋 受 联 燃 关戏 个 管 最 滚 装20 E 一 、 系 最 泌 滚 燃线 最 最 最 上X 最 222A 
325,8,wvs i 月 月 保 58 月 月 第 签 滚安装 月 夏 滚 .... 滚 送 月 20 滋 月 闩 月 ... 
326,9,装 门 六 有 燃o 逐 有 百 .. 一楼 联游 镂 有习 有 528 级 .. 厂1 有 有 . 有 有有 
327,3,器燃 架 E5 ： 期 期 舞 其 厂 全 斯 物 阳 婆 期 装 明 滚 装 妈 r1 八.1 
328,9,wwe et senn 本 本 本 大天 3 送 木 本 .... 滋 大 磁 本 燃 ... 本 ..... ... 本 人 本 滚 沐 本 ・ 路 
329,8,盖 犬 术 术 . 六术 小 滋 滚 本 .. ： 术 犬 案 姜 ........ 、 术 水 装 滚 术卡 涨 术 术 
330,5,装 头 滚 ：1 法 ... 品 六 外 磁 朵 木 朵 朵 朵 二 米 朵 ： ： 冷 
331,5,机 机 ： ... 和 ：. 套 澳 具 几 本 超泌 .... 滋 机 穴， 滚 沉 机 滚 、 燃 ：22 机 ..r： ：r 家 大 六 国 -.........-------............ 
332,3,装 N举 骤 T 权 灰 .... 九 1. .. 器 装装9 滚 镂 权 .. 权 ........ 
333,13,条 条 条 装 条 燃 条 徽 示 人： 条 冬： 、 条 滚 滋 条 装 二条 条条 条 条 
334,8,装 来 爱 珠 K 来 滚 滚 夹 来 来 来 来 未来 来长 夹 .. 燃 t7 2xwMRw 
335,5,极 . 器 滚 滚 漆 燃 空 ，T 极 滋 成 溪 . 极 .... a... 机 极 极 装 板 22w 
336,4,常 滋 厅 柜 斤 4 泌42 板 斤 析 . 析 装 析 析 
337,8,发 三 影 林惊 材 泌泌33 林 ..L L.L 本 梁 林 不 木 燃 X wx wsw a 林 17 林 林 林 林 
338,4,： xim 第 果 天 实 燃 零 果 滋 第 二 果 62 果 燃 二 m 聚 天  宝 身 丢 
339,3,枝 深 女 装泌 滚 0.2 枝 燃 丝 泌 ..1、 接 T 沐 燃 校 胶 越 手 孩 ：. 燃 枝 20 滋 校 
340,1,美 十 藤 暖 店 茫 422 0a 送 .. 滋 皮垫 装燃X 燃 镂 模 书 .. 图 洁 膝 枯 忙 器 ‘18 
341,3,、 上 19. 1： 装 跳滋鞋 长 一 之 装 生 激 柴 柴 柴 实装 滋 
342,3,一 、. 安 安 样 诚 烊 兰 不 样 燃 兰 3： 骤 逍 送装用 样 ： ：丫 AY 17 方 装 下“ 
343,3,根 景 装 根 长 模金 板 本 根限 滚 海 漆 家 15 Ti 一 限 
344,7,本 广 梦 本 e.s ..c 激凝 梦梦 梦 梦 不不. 木 镂 梦 磁 燃学 滚 梦 燃家 一 .. 22m .... 滚 影鎏 
345,6,懒点 装 一 森 木木 文 滚 淋 本 个 ・ ： 蒸 森 森 卜 滚 产 滋 4： 族 家 装 森 森 木 ： 森 ~1、・ 和 梁 3RER 送泌 染 
346,11,2220 次 次 次 鎏 、 次 次 次 镂 毛装运 次 装装 场 次 次 次 次 
347,6,正 .. 正 .... ...v.. ... 1F -.... 凝 磁 . . 上 TE . ... . 装 正 1.. 正 冬 要 ... ......... ....1. 滚 . .... ..... 正 ....... ...... ..... 物 上 正 
348,4,泌 此 比 此 滋 燃 此上 05 滚 上 此 安 比 .. 3 燃 创 赚 出. 燃 猴 化 
349,7,二 步： . 卡 步 磁 一 步 漆 一 步 燃 漆 步 ... 缝 步步 
350,6,段多 器洗 02淡 0X 段 段 段 激22 段 段 股 燃泌 女 装 宝多 
351,2,毁 薇 燃 1 股 arl 燃磁盛 美 门 毁 涨 .... 鉴 涨装 三 卷 多 43 
352,4,每 每 子 ... 滋 - . 滚 每 i力 滋 ..... 号 发 25 专 ・. 每 滚 ... ..-...... 
353,7,丫 . 化七 菱菱 实 3楼 比 淼 比 学 ： cgu ： 七 淑 比比 ..： 猴 比 燃 轻 ： 北 丫 儿 比 滚 ： 比 
354,15,民 涨 短 ..... 燃安 泌 民 民 民民 民 y衣n 民 滚 装 民民 民 民 民 卡 民 23至 民 ..... 装 ........ 货 上 民 长装 
355,4,二 气 气 5220 梁 ... ...... 鱼 气 今 燃滚 术 与 ......... ........ ..... .... .. 4-5 气 8V5体 
356,13,滚 mk 水 水 冰 水 水 7水 才 联送 衣 水 水 小 小 水 热 本水 水 多燃姚 水 水 滋 影 松 空游燃 小 水 装 
357,5,K 求 求 水 .. 装滋 衣 术 装. 家 求 求 ym .. 、 . 求 .......... 
358,9,b2w 沉 ： s 滚 燃2 ~ 汽 1 沉 蜜 沉 ： 沉 滚 第 一 沉 测 沉 .. 燃 汽 沉沉 沉 9滋 泌 
359,7,满 没 没 泌035 A25燃 汽 澡 没没 装 滚 美 没 及 磁 点 没 涵 .................. 没 
360,13,河 餐器 家滚 河 .. 河 河 门河 燃 燕 河 河 河 ... 漆 河 ....... ： 一 河 河 ...... 河 ...... s 河 T 保 
361,4,十 沁 注 滋 阳 一 泌淡 罗 装 油 江 油 餐 主 油 一 ! 7 热 燃卷 海 忠 服 油 门 、 S2 
362,10,治 ： ： 治 . 冶 治 治 心 滚 治 治 招线 治 美 治 治 治 
363,13,泉 果 泉 泉 京 爱 显 泉 泉 誉款泌 ........ 泉 泉 京 忌 泉泉 22 sra 2暖然 滚 蓬 鎏 得 泉 泉 泉 乐 美 欢燃 六 泉 良 
364,8,最 ... 法 法 ： 泌 法 去 法 漆柔 滚滚 套 滚 法 55C72综2 法 ： 六 云 二 320 罗 72 法 去 摄 去 云 ! ~.1 1. 法 
365,3,.. ・ 注 ... .... 上 泌 注 泌3 528202 跳 .... 运 .... 注 滚 23 . 涨 .... ： 、....... 厂 奶装 2 . 漆 美 
366,2,正 泪 国 骤 家 游 二 然终 汇 泪 装器 滚 装 类 1E 海 蛋 装 国 心 一 家 餐 漆 
367,4,多 润 海 洞 湖 技泌 滋 河 同 镂激 洞 同 润 润 河 ： 轻 泌 洞 一 洞 荷 司 然 滴 
368,2,六 活 江 燃 丁 店 ・ ： 滋 江 ： 燃 燃 骤燃 二 舌 冬 滋 活 家 舌 
369,15,流 流 作 涨 流 滚 流 流 流 流 薇 门 流 流 滚 天 门 流流 燃滋 . .......... 流 流 1充 .. i沉 溅 流 流 
370,8,浅 溅 浅 浅 .......... 装 浅 漾 滚爱 . 滚 浅 戈浅 生 ..气 十 戈 浅 滚 w泌 拢 浅 
371,10,彩类 第 测购 滋 MS 测 测 测 测 .1 滚 燃 汉 澳测 装 滋 美 5r 测 保 测测 熊 滚道泌形举 器 酒 用 1. 20 测 ： 5509 
372,6,济 济 济 济 燃 冬 . 流 文 装装 济 滋 数终ew 文 滚 济 
373,5,浓 浓 大 xe 咬 涨 ： 燃 燃 002 骤连 衣 ： 浓浊 浓滚 衣 衣 衣 浓 力 
374,10,每 燃 海 一 海 口 海 海 每 海 家 海 海 海 具 涨 ： 际 送 装装 滚 海 海 
375,9,.. 术 AE涨0泌00 露KX 深 汗 深 果 深深 深 深 深 深 滋 深 
376,8,装 一 清 ..... 慈 青 清 清 irem 三 清 清 居 ： T.1 .. 清 .. 清 音 清 专 吉 装 
377,2,圈 1. .. 套 车 滚 s “1 ： 5 一1 浑 0用热 ：”l.. 三 斩 东 滋2 1 机 .. ； 滚 渐 斩 渐 瓣 折 
378,6,凝 送 色 色 模 鱼 ・ 海 护 海渔 渔 渔 二 渔 ： 上 鱼 渔 渔 涨0 ... 镂 
379,7,浪 滚 L 8X2 温 江 温 ：品 温 混 泥 1日 菱 卡 混 ：： 漏 第1 污  一 二 .......... 冰A T 得 茶 混 温 温 温 溢 ：卫 架 温 03 了 湿 /WY L 
380,7,炸 炸 炸 !乍 灯： 滚 炸 继 涨 装球 炸炸 炸 ： 松 、 . 
381,12,案 龄 点 . 点 滚 .... 点 领 滚 点广 、 六 点 ... 满 点 繁 一 点 星 点 点 点点 一 滋 点 uy ww 
382,10,磁 烧 烧 元 烧 窗 烧 7 器 烧烧 ao泌 送 .1.1 渐 人 章 烧 烧 烧 汽 烧 跟 
383,4,滚 热 d 燃 燃 一 于 ： 滋 21 coc 热 泌 热 护 . ..v、 海 滚 滚 热 
384,8,/、 然 ：6200X4R 、、 模 燃 夕 然 Lo 慈 然 涨 然 然 然 、 5* 的2涨 外 滋 zm 然 发 然 
385,5,照 接滋 燃网 送 b 照 至 照 接 滋 婴 滋 至淡 滚 燃 装邀 1 厂 ..... 照 照 
386,1,二 二 跳 爆 滚 燥 me 091 品 民 燃 噪 牌 泌 AW泌： 57 燃 e 汤 一 爆： 米 实 第 滋 装绣 一 ・.AY 八个： 
387,9,生 强的 澳 牌 牌 牌 送 燃 牌 牌 牌 牌 牌以 牌 婴 11-- Ir 品 猴 门 保浴 F医 
388,6,漆 ..1. 牛 牛 滋 牛 牛 ： 学 今 牛 生 竺 牛 滚 Rc 
389,10,滚 物 物 谈 !.. 衣 物 泌牌器 狂 ： 滋： 美装 计 物 勿 物 物： 物 一 R 搬 ：厂 二 物 磁水 物 物 第 
390,9,热 特 中 超拳 二 特 特 特 生 特 泌2 特 一 食 一 特 一 的 陈 尔 滚 淡 特 特 
391,5,找 大 浆 、： 状 状 聚 游 状 i. 大 大 器 热 醛 ： 妆 状 、 犬 衣 + 状 滚 a.... ...： ：. 
392,2,采 泌出 狼 狠 狠 限 N3 限 派 美 滚 装 燃 滋 猴 
393,8,独 728 40 二 、 独 茶 滋 独 独 C 控 独 独 独 284 涉 装凝 学 独 2 
394,0,... 上 .. 15 .. ...... .. ... 滚 ... ...... .1. ... ... 慈 ... ... ....... .. r.. .. . r ... . 5 下 ...... ...... ..... 保 泌工 磁 ....... 
395,8,02 现 现 现现 燃 滚 现 巧 现 彩 浴燃 AR 安 现 A网 九 滚 装 器 淡 婆价 W懒 滚 ・坝! 现 观 
396,6,客 中 理 理理 藏 燃露 15 理 阳 900 理 ：， 跟 舞 IE 理 滚 
397,7,七 ... ： 产上 生 5.a .... 生 上 . ：... .. 生 生 ax 滚 、 ： ... 生 生 磁 .... 生 00 
398,6,ARR 4 ： 云 实 hi . 用 用 厂 F3 牢 用 用 用 系 泌 正 用 
399,1,涨 滚 滚 . 由 击 L 十： ： 多 、 婴滚阳 宝 燃 新 0燃 疆 二 、9 骤 c5 ： 
400,3,5 泛 燃 黑 燃 泌婆CR 甲 蜜 燃带 31 汁 甲 滚 滚 甲 滋 器 
401,6,电 吃 电 罗露 滚 瓣 社 宝 电 换装 滚 申 路 m.. ........ 电 主 安资超 泌 中 滚 热运 电 电 
402,4,界 器 、 界 燃联 养 薛 一 滚 滚 燃 界 17 ... 燃 燃 ：- ： 继 界 
403,8,高 农 激凝 滚 疼疼 疼 疼 疼 燃 .... 咬 疼 衣 模系 mx 疼 多 疼 蒸 泌 
404,6,南 二 痛 小 滚滋 幸 痛 痛 室 骤 海 蒸 招 擂 滋滚 .1 广i 病 痛 唇 器负 二 . 希 ....... 痛 脑 卜 痛 
405,3,白3 燃 燃蛋 白 白 ： 茶 零 惑 广 1 -1 22 测 . ・一 滋 到 滋 二 午 染 .. 避 
406,4,百 汽 上1 西 . 燃 绘 百 385E sas RA 套 0 百 百 国 a .. ..... r 75 . P.. .... 袋 二 
407,8,的 影容 ： 镂彩 的 滚 的 ： 的 燃 的 滚架 的 r 的 燃 凝 装 2078 的 ：、 饮 
408,3,3 tn. 分 盒 盆 金 盆 餐 盆 涨 # 瓮 l对 镂列 豪 装 日家 工 83ak 
409,7,卷 产 .............. .......... 盐 三 试 盐 31 ： 五 盐 15 燃泌 长：1. ： 盐 藏 士卜 卡 兔滚 方 卜 恶 1L. 盐盐 盐 ..0 对 美 
410,4,盖 概 懒法泌漆 盖 n 蔬 泌 就 ： 盖 镂 游滋 兼 新一 蜜 燃滋 蒸 卷 . 盖 数装 兰 益 
411,4,款 湾 蜜 泌的2 ..... 滚 滚 器 盘 盘 滚 滚 ・ 一 凝 名 专 盘 蒸 盘 盈 
412,10,盛 盛 盛 盛 ..‘. 装燃 滚 淘 r 燃 盛 盛 8燃 成 恶 . 十 盛 盛 .co 三 盛 一 深 成 .. 成 愿： 盛 
413,0,三 FA ：a1 com 滚 EE 285 装 滋 测 .... ....... 滋 FU 美 E F 中 日 ：一 送 美 二 .. E ： 套 
414,1,滋 喔 真 古红 直 气 滋 滚 ... 阁 宜 ....... .... . x碎. 燃 喜 套 产 ...... 典 领 
415,2,滚 028 二 ： 术 个 相 装 相 828 L 杞 
416,8,看 餐 数 看 看 - 二 看 织形 泌 续 看 看 疗 香 燃 香 看 覆 看 
417,11,凝 真 真 真 杰2 真 真 ..... 真 2N 真 真 真 频 宾 体 真 直 真 
418,5,着 滋 着 签 着 、 藏 网纸 滋 懒 瓣 蛋 有 ： 藏 激 美 着 着 
419,2,团 旺 二 黑 璃滋 、L・ 睡 至 旺 睡 旺 骤 海 32凝 凝 限 松滚泌 燃 无 小 
420,3, 知午 5：2 夕 0浆 银 骤 知 一： 一 冰 岸 Si 知 、 兴 元1 2R ： 矢 激 
421,4,一 ........ 漆 22 架 太 大 第 滚 短 送 燃 泌 骤 滚 大燃 短 短 短 菱 豆 ....... 
422,1,........ 燃 ... 石 ...... .. ..... 燃 漆 娃 77 门 樱 燃 买 .. ： 装 繁 不 .... r 案 ...... 滚 二 滚 器 .. ....- . ：-1 ....... ... 126柱 
423,11,码 码 码 滋 装 5. ： ：磁 ： ... 码 码 资 码 ： 卜 滚 天 码 婆 滚 ・： 公 已码 码码 、 骤 码 
424,4,CT. . 研 藏 装 一 研 燃 二1 7 研研 阁 套 联 燃 送游添 ， TI 7.T 一， 3元. 燃燃 TT 1 
425,6,滚 破 碗 泌 送燃发 破 滚 Te 砂7 门 皮 破 喷 破 接 十 砂 破 燃20 皮 7 文 滚 绘 滚 破 .75 
426,6,ee ww. 你 门 .. 装 大 .. 一. 第 ml 确 器泌 配 色 新 器 温 一 确 浮 施 C 1. 确 ： mm 确 装 ... 胸 确 确， -11 r. 
427,3,一 磨 滋 磨 李 燃 激 滋 磨 院 滋 府 癃 
428,3,习 . .. 示 . ....... ... 国 家 .. ..... 美 家 -.. .......... 卷 ...... .. 燃 示 装送 ￥-....... .... . ・ 声 d.... 滚 ........ .・.. .... .. . 燃 .. .... 冷 y .... .... 装 颈 . 示 ........ ： 
429,5,燃 17 滚 社 .. 装 装 7 滚 个 .. 滚 计 社 .1 粼妆 ...... 院 一 滋 泌 社 缘 . ..~ 二 社 . 社 
430,7,.. 公 离 厂 燃 云 离 离 然 ... 会 婴 一一堡 装 离 一 离 漆 装 云 商 事 2 ： 之 考 2送 舞 离 离 
431,7,滋 秀 秀 滚 秀 不 、 二 燃滋 秀 v 天 秀 秀 e 秀 涨 
432,2,科 To 利 送 继 冲冲 送 心 禾 中 4.L. 中 装 诚 道 种 ... 科 装 种 天： 中 蜜 . 滚 ..p.. 和 ~ 第 
433,4,蓬 芯 tn 科 _L 科 科 0022 装 瓣 i 沃 不 科 不 三 社 木+ 1滋滚 ： r om 
434,6,器演 快积 积 积 长L 一 家 滋烫 泌泌2 . 滋 恶 二 积 卜 心 川 装 积积 南科 
435,9,程 号 稻 秋 骚 序 ... 装 . ： .工 程 兰 程 程 .. .. 二 程 泌 主 器 漫程 . 和 工 12 ： 程 程 程 T： 泌 一 工 ： 
436,12,究 空 燃 磁 厂 突 究 究 、 究 究究 送 滚 究 汇 宽 装 六 滚 究完 充 系 究 ： 滋 2泌猫 究 究 究 2 
437,9,空 空 滚 .. ： 空 室SRC 生 空 . 支 说 空 . . 交 空 燃 燃 2燃 空 卜 空 本3 ... 空 六 ...... ..：. 
438,5,一 ・ 本 穿 穿 燃 RCR0K 9腰 一 .. ..... 穿 滋 滚 ： 燃 安 穿 .2 婆 裹 衣  穿 卖 
439,16,突 突 突 庭 ... 突 乡 滋爱 解 突 突淡 .. 突 突突 磁 突 突 泌 突 突 六 委 美 突 突 一. 门 突 
440,6,窗 窗 图 窗 阁 滚 露 身 窗 俊 刻 . 友 件 家 ： 模滋 二 装装装 滚 窗 2 窗 、 
441,7,空 装 s .. 路 立 立 ........ 立 装 立 滋燃 名 立 下 立 蓉 业 、 .... 立 二7 
442,7,滚 第 第 第 第 第 22 泌 50 骤 二 燃 1 篇 第 氨 余 .. 第 
443,5,20 卷 誉 筹 ： 袋 等 疫 等 浴5联燃 等 器 泌 燃滚 等 修 第 飞 车 车 等 r................. 
444,5,身 窦 算 慈 | 手 算 健定 运 滚 算算 全 算 
445,7,管 一： 会5 产 饰 一 激 管 门 ...... ... .. 管 管 管 管 跨 怡 管 
446,15,蜜 米 买 米 米 个、 球 米米 兴 ： 米 一 装 米 ・ 兴 套 滚 米 犬 米 多 米 木大 滚 六 长 光 米 米 米 冬米 光 、 米 
447,8,类 娄 滚 类 类 姜 类 参 米 安 类 群 类 米 ..... 类 类 美 一 一 
448,8,高 精 门 精 精精 A： 双A保 .. 二 11 =二 路 燃TC 一 精 套 爱燃 越燃 全 楦 滚 涨5 燃 美2 精 大 化 精 送 青 个 精 .................. 
449,0,滋 病 新 ： 凝 糯 4激 燃 上生 六 菱 粮 唐 中 缘 搬 ..小 料 粹 木3 泌R 滋滋 滚 装 装 唐 
450,8,快 配 美保 、 潮 系 系 系 系 系 ..... 系 缘 装爽 系 第 ...... 送 长 条 ..... 联效 2： 系 鎏滚影 手 六 
451,6,素 装 踪 滚 ・ 素 啦 素 三、 2a 一 受燃 eo燃 懒燃 素 /A47 7二 家 子 滋 素 燃 蒸 Mir 、 泰 装 装 素 ：燃 三 滋 松 聚 
452,9,乙 紧 紧 泌 燃 紫 紧 紧 紧 紫 紧 装 滚 ・ 紫 0 ： ron 紧 与： 示 ： 深 燃 二 紧 产 燃湿 安 送谈 紧 
453,10,华 一 ：： L 公泌2 电 七： 紫 紫 紫紫紫 紫 些 3.. 淡 紫 紫 第 茶 13 ：3 ... 燃 紫 紫 些 家 
454,1,处 及 织一梁 7 然 .. 绣 装装 5R202滋+ 美 级 纸 心 樱 红 
455,10,丝 篮 织 纪 么 纪 红 .. gg8 燃 织 婆 ...... 纪 纪 滑滚 红 纪 滋多 乡 纪 滋业镂 装 纪 滚 滚 纪 装 公 纪 纪 线 
456,14,燃 缆 套 线 手 戈 线 线 线 线 燃 L： 线 线 线 线 戈 线 衣影领 2 童 ： 线 滚 柔 二 线 线 汽 线 
457,5,综 绿 宗 N.................. 涵出 东 务 滚 纺 东 练练 练 练 22 车 东 练 装模 风家 小 车 
458,6,滚 浸量 组 2一 姐 泌 二 装用 . 瓣 慈 组 线 .. 浆 织 运 衣 组 组 .. 组 组 公 1丝 ： . 织 瓣 
459,2,骤 .个 纸 红 滚 狂 组 .w o.. 开 /e9 滚 2 。 细 装 热 红 保泌 细 \ 装 纪 
460,14,织 织 滋滚 燃00 织 织 军 .二 织 / 蒸装 说 纤裙 综、 ： 织 ~： 织 织 . 织 买 织 织 家 模 织 织织 
461,13,经 影 模 滚 经 经 经 网瓷装 产 涨 经 公 经经 . 、 . 滚 红 经 熊 燃 经 经 经 红 经 上 经 
462,8,添 结 结 ?泌 1.. 结 吉 1 结 实 告 镂 结 结 骤 p2 20 结 蛋 、、 给 ! . 结 美 
463,3,合 绘 绍 经 滚 给 .... 器 绘 绘 给 绘 一 ：：.1 给 绘 二 维 ... 二 Xs 滚 绘 下 涵 绘 合 
464,5,终 送 色 激 红 绝 绝 色 绝 1 露 . 纪 秘 上 、 . 绝 .... E26燃 装装 、 色 纶绝 荣 N.r 
465,10,本 纪 42x 滚 夺 统 统 统 统 纪 被心学 缤 露 路 统 燃 统 统 ： 统 20 统 装 一 充 统 纺 
466,12,美 美 令 民美 美 美 美 美 豆装ai 全 装 美 美 美 美 美 232 
467,2,装 ：1 母 ： 一 怨 七 1>L 群 凝 戏 百 尹 洋非 群 燃 学 模滋 1安 蜜 丫 HY ~ 器 88 美 . x*m 
468,1,滚 对 河 源 买 .. 燃滋 燃装 11 1 记 燃 滚 .... 经 习 丽 小 . 羽 L 滚 滚滚 鎏 ..... s 况 
469,3,韵 翻 T . ： 平 采 翻 由 接 翻 采 滋 装 1 蚕 22 L ：。.1 测泌4 燃0 .2.. 之： 密 三 韵 下 77 Q1. 
470,9,一 产 翼 5A1 翼 翼 漆 三 罩 燃 477 送 翼 一 三 七 冀 翼  滚 翼 翼 翼 滋 ・ 一亏 美 习三 圣 一 曼 翼 套 婴 淤 
471,13,艺 老 老 .. 老 模型 老 老 2燃 ..c 老 老 老 老 致 老 它 淀模 老 美 老 浴 老 滋 
472,4,滚泌2松 上帐 oo.. rag. .... ： 者岩 当 燃02 者 F 磁泌燃 20燃 志 滚 老 者 子 专 者 泌 
473,3,装 面 ・ 色 a 设 .滚 燃 耐 而 ： ..... 燃游 而 而 ... 燃 门 面 猴滚 装 实 .. 22 丽 
474,5,联 装 镂 天 球 联 联 r. 滚滚 美 上 宏 关 TV 保2燃 忆 、 HR 藏 T. 联 天 联 关 
475,8,肉 房 肉 滚 大 滚 勺 大 燃凉燃理汇姿 肉 肉 肉 泌燃 方 肉 修 泌 肉内 司 肉 
476,3,会 育 隐 辑 泌t 装 燃 育 育 子 装 一 燃 ... 闺 燃 弯 套 
477,1,旗胞 雕 跑 128.87 一 包 胸 70 龙 慈 ...... 陶 可 抢 购1 、： 泌送 一 斑 婆：滚 一 宠 
478,9,能 创： 能 能 080 汇 能 燃 能 能 能 F二 .. . 凝 卜 能 二 滋 泌 主 能 燃 滚 笔 . 
479,2,. 露 门 心 说 脱 . 防 膜 脱 元 美 瑞 元 胶 
480,3,立 全 验 章轻联 ： 厂： 险 验 豪 燃泌2 脸 题 滚 鞋 脸 金 脸 滋 拉 应 ia 
481,4,： 中 鲜 暖 零装 专 中 要 等 燃 恶 型 送 滚 淡 F： 腰 、 腰 一 要 滚 腰 腰 燃 ..2- 
482,6,自 宝 an 宝 装 滚 自 自 599 燃 三 二 自 宝 自 财燃 空 三 装 香 室 自 
483,5,骤 至 全 阿 二 运 滋 .. ... ... 54. 至 至 .. 0.. 71 主 .... ......... .. ... 避 国燃 ... ... 滚 ..... 至 至 ......... ..... ..... ...... .... ... .. 滋 
484,1,路 级 微VP 彤 门 凝 婴 .. 滚 毁 器 放 服1 般 
485,5,州 船 家 船 J 船 超 燃 鲜 滚 燃 船 厂 J-1 5燃 装 己 船 美 万 二 
486,10,三 Q滚 车. 零 滋 色 涨 n2wobaras 色 色 色 色 2激2滚 海 滋2 线 色 色 32 保滋 色 .... 滚 滋 色石 燃 色 
487,6,节 印 节 节 装摇新 节 ・、 吉 节 ...... 一 ： ... 节 SX泌 
488,10,家 花 花 ..... 花 花 花 . 六 慈 ・飞 梁漆 安 滚 燃安 燃 花 才 1. 欧 线 花 臻 装 花 花 花 一 ： 
489,7,序 芳 登 Rk20 92 芳 芳 5- -...... ：的沁凝 光 多 装 芳 东 天 滋 装 芳 器 00 芳 芳 . 一 镂 燃凝 1.： - 
490,7,商 服 草 草 草 ... .... 一 草 单 一 .. .2.8 漂 装 套 ・ 二 草 滚 系 草 燃 草 
491,5,燃 落 著 洁 营 落 薇 落 滚装 ： 落 二 落 燃 二 滋涨 滚 
492,6,2.t 著 27 滋 滋 一 一 滚 著 超膜 物 著 著 沁 eo 著 者 eun 著 百 子一 者 
493,6,一 病 六 蒸 滚 燃 藏 泌 燃 二 蒸燕 本 蒸 衣 蒸 貔 蒸 蒸 -... 24楼24 滚 装 
494,6,薄 尊 海 装 喜 薄 装 三 美 00 美 燃 装 装 薄 海 薄 婴 薄 联 薄 喜 
495,3,毛 漆 藏A 7b 骤 燃 冠 燃 21 LT 织 小・二 七 接 22 冠 .1 深 藏 惑藏 F1/ 乐 
496,16,行 行 行 行 ..... ........... .... 行行 b. .... 装 ..... .. 漆凝 .... 行 一 ： 一 ..... .. 行 行 门 1° 装 行 行 装 ...... 卜 行 家湖 燃 行行 行行 
497,4,舞 补 ： 滚 燃 ” 补 补 滚 滚磁 补 、 ： 
498,6,L 表 fs 卖 1 表 一 一 表 专装 装 滋 示 二 表 表 装 表 ..-............... 
499,7,涨 骏 袖 被 被 、矿 燃 皮 .w. 被 一 波 装 被 滋 皮 被 被 滚 被 光 14 厂 M4 
500,8,装 泌 装 装 装 衣 装 瓣 二 言 装 邃 J.. 装 装 . 一 器 、 缘 
501,2,燃 享 装验： L 漆 裹 海 裹 ： 豪 滚 常 享 表 滚 表 滚 器 装 
502,0,满 六 esip 222 广 团 四 、 一 xio米 实 有 器 滋 滚滚 装 ： 装 天 
503,8,的 之 银 .x 要 罗 要二 燃 爱 级 1.w 要 . 要 女 要要 要 腰 中 要 更爱 3燃 
504,4,见 见 -ac 骤 ..... 见 漆 瓣 跳 涨 聪 店 .... 0 ....... 网. ... 骤鞋 爽 . 柔 ： ： 死见 送 
505,7,观 观 观 1 、 观 凝 一章 现 泌 双 观 元 跳 燃 燃 燃 观 装三 贝 观 7 
506,6,规 2222 规 装 跌 规 ： 规 人： 装 规 继 ...r. 丰 习规 ： 隙 天 3滋 .. 湾 we x 拟 
507,2,角 任 与 上 ： 第 1. 食 ： A 2衣 滋 燃展 衣 卜， 片 泌 角 常 燃 滚 美装 三 
508,3,繁 衫 解解 滚 解 视燃 77 ..T 寸 -.... 1 州 套 用美 十 士 
509,2,宽 .... 名 言 滩 燃 芒 滚 滋 店 漆 高 z .. ... 言 
510,8,第 警 公么 7 女 警 夕 3.07 警 一 亏 ： 燃 一. 警 警 三 警 燃 燃 警 ： 必1 管 ： 泌 警 
511,6,一 燃 裂 计 计 一 J 计计 -- s ... 讨 装 计计 燃 
512,1,影 燃烫 意 条 认 发 ・ ： 菱 颈 、 漆 -- .. 
513,2,课 222 训 小 调 品 热滚 恶 安 燃 ； 计： 跳 训 ... 88 漆 ................... 燃 
514,5,膝 .. 器 议 ：燃oo 议 议 5ATE 燃激 义 议 燃装 汉 泳 义 议 he：0 
515,11,诺 记 记， 记 装 全 记 订 露 记 ： 电 记 ： 滚 记 记 记 记 记 ... 
516,10,许 4 许 分 许 许 十 许 许许 许 ：22 许 凝 一 涤 天 安 ： 安 婴 器科 计 泌 计 计 鑫 许 车汽 
517,8,论 ： w2 公 ： 论 滋 泌 公 论论论论 1286 论 论 记 
518,11,设 套 设 可 设 设 澳 设 设 装滋姿 设 澳 滚 设 设 燃 磁 设 设 燃 
519,7,.. 燃燃装 .. 之 滚 证 浏 - ....... 证 正 证 . 燃装2 安 餐 E证 证 滋 证 正 燃 证 ... 
520,11,话话 话 28 二 己 器 话话 话 猴 滋 装 1-1 oa 燃 15 话 话话 话 运 梁滋 实滋 2燃7 等 .c 活 话 
521,7,露 送 强 详 详 滚图 详 详 衣 薛 1详 羊 十 评 详 ： 详 食 评 子 ： 滋 生 ... 
522,9,之 说 滚 说 说 况 绣 说 . 访 2送 说 说 .... .... ... ・ .. 滋 滋 E燃2 门 说 说 说 元 儿 
523,9,调 一 TE *32 滚 洞 门 二 调膜 归 图 集 调 调 调 品 诉 .A1 ) 词 调 调 滋湿滚 滚 调词 家 话 湖 调 涨双 
524,6,熟 .. .. 套 .... 豆 w. 4 滚 豆豆 ... 燃装装 .. 保热 泌 r S 豆 ........ -- .... 慈 ............. 豆 XX ： ...... 豆 鞋 ..a............. 
525,4,惑 象 实 缘 燕 器 家 象 全燃 N： 滚 zx 安 第繁 家 美 家 象 参 象 RS 滚动 第 
526,12,天 子 负 多 滚 负 一 湿燃 负 负 保 二 9燃 负 服 泌 负 房 负 负 灸 负 燃 负 天热家 负负 
527,9,财 磁 公* 购 紫 财 财 财时 财 财 1十 装滚 瓷最 财 二 颈 ： ： 现 目 ： 才 威 财 财 
528,2,涨 燃 责 发 专 灵 式 p-t.um： .. 燃 ooo c ： 贡贵 ..... ....... 货 ： 贵 露 滚 产 麦 责 二 
529,7,燃 新 几 购 燃 文 飞 败 滋 败败 败败 22 败 正 厂 ...... 败 sn： 
530,6,质 质 页 质 页 质 ： Kn 涂12122联配 .... 乐 1.1 线 线 泌 燃 婴 ... 货 滚 燃 质 质 
531,4,送 74 二、 主 蜜 量 美 漆 资 务 贯 袋猴 滋 .... - 美贸 燃 4A .... 煲 意 0燃滚程 阳大 22 骤 贯 贯 贯 藏 
532,5,贵 员 贵 类 滚 .e... mw vi 密. 经滚 贵 贸 游2凝缘滚密 景 泌 送 配 滚 燃 资 员 资 燃 贵 贵 
533,17,资 资 飞 资 资 换 资 资 资 资 资 资 洗 燃 资 酸 送 涤 装 滚 一 资 资 资 资 资 22 资 .. 
534,4,账 赚 套 赚 贴 上 泌g 模 20 、N 财 赚 燃鞋 \ 娜 1下 滚 燃 兴 小 ・、 妮 测 赚 
535,4,资 法 赞 滚 代分 赞 泌 ooo 燃 货 赞烫物 赞 滚 餐 一 30 -23 心片 跳 
536,5,走 走 走 元 ...... 燃 定 走 定 .. 走 装 ..... 亏 云 买 聚 ： 滋 ： 三 获 
537,13,燃学 J .、 起 超 起 滚 ......... 手 二 松影滋 .一. 超 安 一 天 .. 起 ...... 起 起 起 起 超 ........ 起 ... ... 七二 起起 ..... -... 受 运 燃 T懒 起 走 起 起 
538,6,戏 戈 越越 心 越 什 第 越 食 燃 越 人 滚， 谈 走 ... ...-. 跳人 技 蒸 器 淤 滚 举 ........ 滚 戈 越 
539,4,燃 .. .. ..... 滚 漆 燃 足 ..... ......... 杂 滚 定 滚 滚 器 .... ---.. 瓣 月 足 广 b 224. 第 足 足 .. 西 ........ 
540,15,飞 诺 跨治跨 跨 跨 跨 跨 品 跨 跨 泌裳装 武 跨 除 跨 滚 一.j 跨跨 安 圣 二 送 跨 跨 跨 线 院 
541,5,0滋潮 中 L 路 家 薰 广 跨 路 涨 ： 护 ir 足 路 心R 上 路 园 路 
542,7,燃 跳 三 器 兆 跳 姜 装 邀 ： “.18 B. 跳 上 跳 光 淡 欧 ： 跳 跳 ...!. E燃 滚 跳 正 Ey 化 业 
543,3,r心 ， 心 踏 泌 岗 燃轻然滚 磁 踏 龄 系2 蹈 mA! 路 踏 镂 张 滚 影 
544,6,白 二 .. 滚 身 身 滋 爱 .. .... 身 .本 滋 滋 房 涨 装 第二 亮身 身 房 身 
545,14,车 字 车 车 车 车 罕 教 上车 东 行： 本 懿 生 滋 东车 车 鸡 车 车 生 车牛 车 器燃 车 车 
546,9,转 一 专 翠 转 送 r -- 转 转 转 专轧 传 文2 02 专 加 转 磁燃 转专 转 转 下、7 镂 
547,8,莎 十六 滚 较 车 较 方 涨 较 较 方 交 一 燃安 2燃 交 较 较 7 七文 较 交 泌服 较 
548,5,飞 学 激 下 X装滋 ： 辞 二、 燃 图 5 产 第 0燃 '，7 辞 辞 ・ 辞 酸 辞 
549,8,se 器 装 辣 一 辣 吉 古 sN 辣 .. 辣 辣 辣莎 卡 立： .. 装0 T 换 .7 滋 辣 滚 东辣 ： 字 滚 
550,5,本皮 泌 ： ....... ..... ........ 龙 边： 十 速 意端学燃 xk.. 纤 边1 冬 ...... 边 滋高 滋 应 臻 .... 滋滚 边 边 迈达 中 有 7282：6529 装 .... 过 滚 
551,5,... 达达 泌 .... ... 达 大 影 滤 .. ....... 保 燃 生 达 滋 达 
552,7,过 .... 寸 81 燃 滚 ......... 过 过 汇 燃 薇 泌 s： 过 ...... 道 三 过 滋 2W 过 过 
553,2,四 滋 滋 T 滚 沁 江 缘 迈 .... 超 53X= 接的 源 ： 万 燃 ， “ .. 、迈 厂 
554,11,运 涨 卖 运 ・ 远运 运运 三运 运 22 运 运云 ...... 滚 云 泛 A422 .... 运 4 燃燃 菱 . 三 ....... 17 运 二 
555,4,燃 装 *.30 1% .. 李 装 、 丘 斤 滚 15 斤 -..... 近 ... . .... 工 蒸 近 鑫燃 近 室 .... 江 .... 行 进 近 
556,8,多换 小 还  装螺 环 露 e澳 .. 还 还 . 泌 燃燃 袋 送 还 还7 滚 还 还 套 不 型 还 
557,7,这 六 这 燃 心 燃 这 ... 一 泌 迹 燃 1R0燃 运 色 ...... 燃继装 ..c .. 这 ... ... 桑 这 滚 这 六 这 
558,4,进逆 江 55泌 进 hku e 达 堂 ・ 共 送选 进 达 进 艺 ..... 士 ： .. 高 . 这 滚 自 
559,10,连 连 连连 三 连 谈 连女 一・ 连 装 生 连 .... 家 进 ...... 2 .. 连 滚 EE 连 .... ... 深 
560,3,长 ..... 装 退 装 安 词 退 运 、 屋 装 返 ...... ....... 泌 装 返 退 装滋 浪 1泌 家 证 越 装 滋 
561,3,然 ........ 二 1. 辽 ..... 滚 滋 谈 还 12_ 逐 . ... 蜜 逆 藏 ... A 套装 逐 逐 
562,5,通 司 澳 露 海 通 海 猴 燃泌 通 燃姚 通 溢 滚 通 资 欧 .. d 泌 二 黑 
563,9,送 滚 ，士 设 爽 慈 送 瓣签 广 束 滚 速 速速 运速 二， 骤 速 速 速 ￥50 速 速 二 
564,7,途 透 造运 三 @ 告 袋 造 第2 对 造 造 然滚 、L 造 燃送 造 装 滋 滋 强 造 运 
565,3,爱 涨 超 三 遇偶 彩 燃泌 蹬 \ 燃 滤 语 遇 磁 日 22 图 遇 5i 滚 美 退 一 
566,12,美 道 道 道 通. 装 . 道 滋 毫 道 十 正轻 大 道道 三 装 定 ...... 一 道 道 百 1 道 道 道 整 城R 
567,2,厂 1- 海 避 一 c 立 滋滚 ： 一 模 牌 浴 多 ：E字 水 辟 滋 一 迪 避 字 
568,3,万 郑 那 方 力 w 那 王 那 l 跳 .一 ， 装 滚 燃 
569,1,00 有： 滚 郁 白 姿 ，1 架 有 ： 07 -r， 湿E 身 ... 轻A 建 滚 燃镂 77 部 部 
570,2,. . 懒 ... 户 1. 订 代 郎 良3 2 滋 家 一 3 良 滋 赛 部 滋 郎 民 泌 鞋 燃 2820 觊 
571,9,部 部 00 部 二 部 磁 ： 邻 部 部 口 滚 然滚 立 部 卜 吝 学实 ：A1 一 泌 产 部 器 门 一 滚 送2 部 
572,1,影 滚 印 都 滚 部 者 至 酷注 一 餐 品 
573,3,涨 醛 二、 A・ 吴 装落装 FE 工 . 纸 二 慈 .T，.. 而 四 一 一 醒 r.11 装 二.厂 醒 燃 ag小s 茶 滚 -4.1 一 F. 骤 1 滋装 然 醒 一 鞋 王 
574,5,一 买 露 的 采 有 采 装 采 .. 采 ..... 平 .... 燃风 燃燃 下 采 买 平 
575,1,： 工 装 .. 滚 二二 三 军 ....... 里 .. .. x* 生 滚 经 泌 . .... 六 . 骤 
576,6,R 泌 重 ： ： 慈 重 重 爵 童 糕 18磁 滚 卡 重 道 羹 耐 镂 重 一. 重 室 童 滚 
577,3,然 纸 二 寻 漆 量 盘 ： ： 、 代 燃 燃 量 壳 量 级 卡 三 鼻 最 薰 滋 品 置 3一 滚 重 兰 
578,6,二 金 会 通 82 装 出 滋 金 金 滋 金 主 金 装 金 
579,8,~ 针 滚按 滚 r 装 针 燃 . 种燃 针 针 mwy s 针 针 一 针 针 满 计 装 420 ： 
580,5,销 一 销 1 导 锐 到 销 消 ：： ： 滚案 尚 学 第 当 工 销 销 
581,4,.. 货 瓣 滋 滚 一 锁 绘 满 款 锁锁 锁 3 X81 
582,8,长 长 长 长 ： 长 长 器 沙装 长 EWR N 公 长 滚 张 燃装 衣 
583,5,深燃 门 门 0磁2 ....... 餐 ..... ...... ...... ・ 门 门 门 一 燃 .1 .c -.... 装 ..... . ： 装 
584,2,： ： 二 三 . 烫 家 美 线 .. - 、 . 网 海 .. 门 问 门 徽 河 ： 闻 问 燃 
585,1,黑 闻 .... 漆 闻 滚 闻 门 同 污 .1 漆整 国 商 问 同 送 间 -... 泌 习 涤 泌 ....... 吣 
586,5,队 队 滚 装 D ： 张 ： 意 滋 一 泌 队队 、队 六 
587,5,阶涂 降 阶险 价 除 除 防 防 滚 装 介 装送滚保器 除 阶 阶 雕 线 阶 个 梁 
588,8,防 示 讼 送 际 院 滋大 下 际 际 际 .. 际 际 ： 2燃04 防 保燃 熟燃 .. 际 .2o2... 乐 示 or 际 
589,5,务 降 冬 滋 装 ： . 降 隆 松 燃oa 管 ： 院 泽 露 湘 条 夕 盛 降 一 降 中降 冬 
590,8,险 险 彩 燃 凝 险 渐 险 险 7会 险 . 懒蒸 燃 安 险 家 燃 险 
591,4,随 型 小门 随瓣 eo . b 器 道 防 . 滚 防 右 随 中 .... 17 随 有 L 凝 费 [道 ..... 
592,4,主 难 ) 凝 哈 难 戏 滚 78 上 '上 滋 容 戏 滋 燃 又 文 滚 式场 难难 网 滚专 ： 
593,5,集 第  集 果 齐 滋 集 集 美 二 . 第 卡 滚 装 一 滋 学 主 黛 集 ： 
594,4,需 需 雯 需 膜 藏 重 滚 淼 理 需 为 泌滋燃 滚 恒 AS 燃 泌 一 n： 效 
595,8,震 震 . 震 工 二 建 燃 震 晨 薇 震 涨缘 第2 震 震 震 三 
596,1,云 不L 一 装泌凝 骤 袋 露 二 一 1 一、 二 霸 F二 7 霜 石 需 活 三 装家 滚 ao............. 
597,11,后. 正 二 一 JET 露 燃 滋滋R 泌送线 器 合 ， 一 钢 露 i一 露 露 露 上合 露 比 色漆 ro...... 露 业 配 滋 燃 露 露 磁 露 第 漆滚套 露 
598,5,非 婴 -L 型 一 非卡 细 ・・ 上 滋 联 三! 孔 非 滚 型 非 发装 a ￥2燃 淡 非 一 泌料 燃 具 漩 爽 
599,5,美 派 公 球 手 正 樱 送 面 面 面 面 面 色 西 燃 门 
600,2,草 斗 装 2320 涤 铁 装 革 装 涨城 7玄 东 轻 樱 二 革 燃 at ey 
601,1,主 一 黑 懒燃 一 20 吉 菱 女 R燃 主 二 末 韦 
602,7,滚 音 宾 燃轻 语 音 音改 音言 ..a 音 燃动撇5全 燃 燃 南 热滚论 二 高 音 ... 1、 涨 泌 官 音 
603,8,装 须 须 须 繁 页 须 顺 ： .. 须 领 泌 须 领 须 须 
604,18,领 令 ： 领 20 领 领 领 领 领 以 领 涨2 领 领领 邻 燃 洪 领 饼 领 领领 而 燃 领 领领 
605,5,日 摄 是 ..： 题 靓 皂 装 题 .... .. . .. 激 剪 .. 题 装滚 凝 秘03 装 题 题 面 3. .... . 装 
606,9,燃 颜 额 颜 须 AU 诺 颜 薰 衫： 装 彭颜 季 滋 新 颜颜 泌装学 广 火 樱 滚 燃 25 送 滋2 颜 颜 颜 
607,12,骤 风 燃 激 -.. 风 风 一 风 风 风 袋 风 风 滚教 风 风1 厂 装 双 风 装 小 风 
608,0,0器 装 .... 数 凝 ....... s .... . 系 ： s 装 ..... ....w %燃2 
609,6,饥 柜 饭q 送 饭 送 燃 饭长 \ 你 大 板 饭 之 滚 馆 器保 滚 饭 饭发 城 一、 
610,4,饰 滚 饰 ...... 布 樱 饰 们 寸： 燃 数 泌 诺 滚 东 TE 新 菱 .... 一 饰 . - 布 
611,11,馆 巨 馆 餐 ： 宫 馆 泌 链 馆 7. u5e 泌 馆 馆 消 宫馆一信馆 蒸 白 馆 滋 装 馆 装薇 滚 目 滋 馆 一 
612,7,香： 二 一 香 湾 香 a9 香 弯 香 誉 装 a kw e滚 .... 香 一 上 ： 发 “1.. 白 镂 香 
613,6,好 .1 马 ...... ..... 燃 瓣 .. 二 . . 二 35 . ... 滋 心器 ..... ... 马 马 器 马 潮 二 - ... .. .. .. ... ：1 . . ： . 马 二 . 马 二 
614,1,2Y 1： .. 泌憾 器 写 踏 滋 中世 滚 一 ： ...... 罩凳 蹈 燃 滚 置 装 影 疼 军 ........... 一 物 漆 营 骂 
615,11,立 验 验 险 滚训 ww 拉 脸 验拉 验 宁 验 ： 代 比验 验 验 验 二 滚 装 S楼 验 念验 JV .. 慈轻 金 滋 金 
616,2,7F7 7r：s 当 澳 涨 月 滚 燃 715( 底 底 燃涂 物玩 扁 川 滋 骗 河 骗 燃3 装 一 心 乐 臻 ...... 迹 i 镂 美 
617,16,高 滋 离高 之 高高 续 品 高 高 套 滚 滚 高 O.. 安架 高 一： u 高 高 接 高 高 言 高 滚 高高 藏高 AR 
618,3,燃 蜜 魔 器 尼 兔 家 察 之 宽 装装 燃X2摄 磨 魔 净 兔 不 到 工 广 二 镂 ：2本 云 鹰 魔 瓷 贸 
619,7,感 麻 麻 麻 器 滚 磁 成. 家 滚 安 防 林 麻 裂 麻 ....... ： 滚滋 滚 广 产 ...... 装 圣 杯 狐 泌 床 麻 麻 
620,7,装 ， 瓶 鼠 康 5413 疑 C一 泌 家 鼠 器P 鼠 领 鼠 !! 漆目 思鼠 鼠 送 热 一 鼠 泰 > Y荟 
,6.164251208,
